id,source_url,date_collected,sentence,notes
1,https://hlauto.vn,7/2/2026 0:00,"Biến tần Mitsubishi E700 đột nhiên báo lỗi OC1, dây chuyền đóng gói đứng im rồi",
2,https://hlauto.vn,7/2/2026 0:00,"Tháng 3/2024, mình nhận được cuộc gọi từ anh Hải - chủ xưởng dệt vải ở Nam Định",
3,https://hlauto.vn,7/2/2026 0:00,"Biến tần Delta VFD-B 15kW điều khiển máy dệt chính đột nhiên ""chết im""",
4,https://hlauto.vn,7/2/2026 0:00,"Ban đầu anh Hải nhờ thợ điện địa phương xem, kết luận là tụ nguồn hỏng nhưng không sửa được vì thiếu linh kiện chính hãng",
5,https://hlauto.vn,7/2/2026 0:00,"Kỹ thuật viên có mặt trong 4 giờ, mang theo tụ Nippon Chemi-Con chính hãng, sửa xong trong ngày",
6,https://hlauto.vn,7/2/2026 0:00,"Năm 2018, mình sửa biến tần ABB ACS550 22kW cho nhà máy bia ở Hà Đông",
7,https://hlauto.vn,7/2/2026 0:00,Lỗi ban đầu là module IGBT chết do quá dòng (motor bơm bị kẹt),
8,https://hlauto.vn,7/2/2026 0:00,"Sau khi thay IGBT, mình còn kiểm tra toàn bộ hệ thống: cảm biến nhiệt, quạt tản nhiệt, điện áp nguồn, và đặc biệt là NGUYÊN NHÂN GỐC RỄ - vòng bi motor đã mòn.",
9,https://hlauto.vn,7/2/2026 0:00,"Biến tần báo OC không phải lỗi ở biến tần, mà có thể do motor, cơ khí, hoặc điện áp lưới không ổn định.",
10,https://hlauto.vn,7/2/2026 0:00,Anh Hùng - chủ xưởng cơ khí có máy tiện CNC điều khiển bằng biến tần Mitsubitshi E700 3.7kW,
11,https://hlauto.vn,7/2/2026 0:00,"Sáng thứ 2, bật máy lên thì biến tần báo lỗi OC3 ngay lập tức",
12,https://hlauto.vn,7/2/2026 0:00,"Kỹ thuật viên kiểm tra phát hiện vòng bi motor bị mòn, kẹt cứng.",
13,https://hlauto.vn,7/2/2026 0:00,"Khi biến tần cấp dòng khởi động, motor không quay được là OC3",
14,https://hlauto.vn,7/2/2026 0:00,Chị Lan - giám sát xưởng sản xuất gạch men báo biến tần Fuji 15kW điều khiển băng tải luôn báo lỗi OV mỗi khi ấn STOP,
15,https://hlauto.vn,7/2/2026 0:00,"Khi dừng đột ngột, băng tải vẫn còn đà quay, motor hoạt động như máy phát điện, ""bơm"" điện ngược về biến tần",
16,https://hlauto.vn,7/2/2026 0:00,Điện áp bus DC tăng vọt từ 540V lên 720V là OV,
17,https://hlauto.vn,7/2/2026 0:00,"Tháng 7/2024, anh Đức - chủ xưởng ép nhựa gọi điện",
18,https://hlauto.vn,7/2/2026 0:00,"Anh Long ơi, 3 biến tần Yaskawa A1000 cứ chạy 2-3 tiếng là báo OH hết",
19,https://hlauto.vn,7/2/2026 0:00,"Quạt tản nhiệt của 2/3 biến tần bị bụi bã nhựa bịt kín, không quay được.",
20,https://hlauto.vn,7/2/2026 0:00,"Sáng đi làm, bật nguồn lên biến tần không phản ứng gì",
21,https://hlauto.vn,7/2/2026 0:00,"Bơm nước chạy yếu, áp lực không đủ, motor rung",
22,https://hlauto.vn,7/2/2026 0:00,"Kỹ thuật tòa nhà nghĩ motor hỏng, chuẩn bị thay mới.",
23,https://hlauto.vn,7/2/2026 0:00,"Hệ thống 5 biến tần Delta điều khiển băng tải, kết nối PLC bằng Modbus RS485",
24,https://hlauto.vn,7/2/2026 0:00,"Thỉnh thoảng PLC mất kết nối ngẫu nhiên, báo lỗi Er02.",
25,https://hlauto.vn,7/2/2026 0:00,Biến tần Danfoss FC302 11kW báo lỗi Trip 16,
26,https://hlauto.vn,7/2/2026 0:00,"SCR chỉnh lưu pha R bị chập, làm điện áp DC tăng vọt",
27,https://hlauto.vn,7/2/2026 0:00,"Tháng 8/2024, anh Minh mang biến tần Yaskawa A1000 22kW đến HLAuto",
28,https://hlauto.vn,7/2/2026 0:00,"Biến tần ABB ACS550 sửa thay IGBT pha Uch chính hỏng (8.5 triệu), IGBT hỏng (3.2 triệu), tụ nguồn hỏng (1.5 triệu)",
29,https://hlauto.vn,7/2/2026 0:00,"Khi thay IGBT, kỹ thuật viên tra keo tản nhiệt không đều, có bọt khí.",
30,https://hlauto.vn,7/2/2026 0:00,"Biến tần giao khách, chạy 1-2 tuần sẽ báo OH hoặc IGBT chết do quá nhiệt.",
31,https://hlauto.vn,7/2/2026 0:00,"Anh Dũng - chủ xưởng mộc ở Hà Đông, nhờ thợ sửa điện gần nhà sửa biến tần Delta 5.5kW với giá 800k",
32,https://hlauto.vn,7/2/2026 0:00,"Thợ dùng tụ điện Trung Quốc giá rẻ (50k/cái thay vì 350k Nippon), không test kỹ, chỉ chạy thử 10 phút là giao khách.",
33,https://hlauto.vn,7/2/2026 0:00,Biến tần Yaskawa L1000A sửa xong,
34,https://hlauto.vn,7/2/2026 0:00,"Lỗi OC và OH là 2 lỗi phổ biến nhất, chiếm gần 40% tổng số case",
35,https://hlauto.vn,7/2/2026 0:00,"Lỗi không lên nguồn tuy ít gặp hơn nhưng thời gian xử lý lại lâu nhất (4-8 giờ) do cần kiểm tra nhiều khâu từ nguồn vào đến bo nguồn, tụ, diode...",
36,https://hlauto.vn,7/2/2026 0:00,"Lỗi giao tiếp ít gặp nhất (chỉ 5-8% case) nhưng lại khó chẩn đoán nhất với kỹ thuật viên mới, đòi hỏi hiểu biết về giao tiếp công nghiệp.",
37,https://hlauto.vn,7/2/2026 0:00,"Các lỗi liên quan đến môi trường (OH, bụi bẩn) xử lý nhanh nhất",
38,https://hlauto.vn,7/2/2026 0:00,"Các lỗi liên quan đến phần cứng (OC do IGBT cháy, không lên nguồn) mất thời gian hơn",
39,https://hlauto.vn,7/2/2026 0:00,Delta VFD-E 15kW không lên nguồn,
40,https://hlauto.vn,7/2/2026 0:00,"Tháng 3/2024, một khách hàng xưởng may ở Bắc Ninh gửi biến tần Delta VFD-E 15kW về HLAuto",
41,https://hlauto.vn,7/2/2026 0:00,Mitsubishi FR-A840 37kW không lên nguồn,
42,https://hlauto.vn,7/2/2026 0:00,"Tháng 6/2024, một nhà máy nhựa ở Đồng Nai gặp sự cố biến tần Mitsubishi FR-A840 37kW không lên nguồn",
43,https://hlauto.vn,7/2/2026 0:00,"Lỗi OC (Overcurrent) là lỗi phổ biến nhất trong các lỗi thường gặp ở biến tần, chiếm đến 20-25% tổng số case.",
44,https://hlauto.vn,7/2/2026 0:00,"Biến tần hiển thị mã lỗi OC, OC1 (khi tăng tốc), OC2 (khi giảm tốc), OC3 (khi chạy ổn định), hoặc OCA (khi tự động chạy), và ngắt ngay lập tức để bảo vệ IGBT khỏi cháy.",
45,https://hlauto.vn,7/2/2026 0:00,"Tháng 7/2024, một xưởng cơ khí ở Bình Dương gửi biến tần Schneider ATV320 11kW về HLAuto.",
46,https://hlauto.vn,7/2/2026 0:00,"Báo lỗi OC ngay khi nhấn Start, motor chưa kịp quay.",
47,https://hlauto.vn,7/2/2026 0:00,Lỗi OV (Overvoltage) xảy ra khi điện áp DC Bus vượt quá ngưỡng cho phép,
48,https://hlauto.vn,7/2/2026 0:00,"Với biến tần 220V, ngưỡng thường là 400-410VDC, còn biến tần 380V là 750-800VDC.",
49,https://hlauto.vn,7/2/2026 0:00,"Tháng 5/2024, một xưởng dệt ở Nam Định gặp lỗi OV liên tục trên 3 biến tần Delta VFD-C2000 7.5kW điều khiển motor cuốn vải.",
50,https://hlauto.vn,7/2/2026 0:00,Lỗi UV (Undervoltage) xảy ra khi điện áp DC Bus giảm xuống dưới ngưỡng cho phép.,
51,https://hlauto.vn,7/3/2026 0:00,"Lỗi giao tiếp (Communication Error) xảy ra khi biến tần và PLC không truyền nhận dữ liệu được qua các chuẩn RS485, Modbus RTU, Profibus, Ethernet/IP.",
52,https://hlauto.vn,7/3/2026 0:00,"Tháng 10/2024, một dự án băng tải ở Long An gặp lỗi giao tiếp giữa PLC S7-1200 và 8 biến tần Schneider ATV320",
53,https://hlauto.vn,7/3/2026 0:00,"Tháng 8/2024, xưởng chế biến gỗ ở Đồng Nai gửi về 4 biến tần Mitsubishi FR-A840 (mỗi cái ~25 triệu)",
54,https://hlauto.vn,7/3/2026 0:00,Lỗi OL (Overload) xảy ra khi biến tần phát hiện tải vượt quá khả năng cho phép trong thời gian dài,
55,https://hlauto.vn,7/3/2026 0:00,"Biến tần INVT GD200-037G/045P-4 (37kW), dây chuyền cưa xẻ gỗ",
56,https://hlauto.vn,7/3/2026 0:00,"Báo lỗi OL1 dù tải nhẹ, motor gần như không kéo gì.",
57,https://hlauto.vn,7/3/2026 0:00,"Băng tải bị kẹt con lăn, trục bơm bị mài mòn gây ma sát cao, cánh quạt dính bụi đóng cứng, khớp nối bị khóa",
58,https://hlauto.vn,7/3/2026 0:00,"Biến tần Yaskawa GA500-4045 (45kW) báo OL3 lúc khởi động buổi sáng, chạy bình thường buổi chiều",
59,https://hlauto.vn,7/3/2026 0:00,"Biến tần Fuji FVR 7.5kW đột nhiên tắt lúc 14h chiều, toàn bộ 20 máy may trên chuyền dừng hẳn",
60,https://hlauto.vn,7/3/2026 0:00,"Biến tần INVT GD200-15kW báo lỗi ""P-UE"" (Undervoltage), đèn nguồn sáng mờ",
61,https://hlauto.vn,7/3/2026 0:00,5 biến tần Delta VFD185 ngừng hoạt động cùng lúc,
62,https://hlauto.vn,7/3/2026 0:00,Biến tần ABB ACS880 không lên nguồn dù điện 3 pha đo đủ 380V,
63,https://hlauto.vn,7/3/2026 0:00,"3 biến tần Fuji FVR0090 chạy bơm 15kW báo lỗi mất nguồn luân phiên: thứ 2 mất V1, thứ 4 mất V2, thứ 6 mất V3",
64,https://hlauto.vn,7/3/2026 0:00,Contactor Omron chính hãng nhưng cuộn hút 220V bị nóng chảy do pha R trong tủ điện lệch điện áp 20% so với pha S và T — tạo ra dòng điện bất đối xứng gây nóng cuộn dây theo chu kỳ.,
65,https://hlauto.vn,7/3/2026 0:00,Biến tần INVT GD200-18.5kW thay cầu chì đến lần thứ 5 trong một tháng — mỗi lần đứt là lại mất nguồn và dừng dây chuyền.,
66,https://hlauto.vn,7/3/2026 0:00,Biến tần Delta VFD7500 đo DC Bus = 540V nhưng màn hình hoàn toàn tối đen. Đội kỹ thuật nhà máy đã thay keypad mới nhưng vẫn không lên.,
67,https://hlauto.vn,7/3/2026 0:00,Đây là nguyên nhân phổ biến nhất của OV3,
68,https://hlauto.vn,7/3/2026 0:00,"Đầu năm 2024, mình nhận ca từ một nhà máy cơ khí tại Hà Đông – Hà Nội.",
69,https://hlauto.vn,7/3/2026 0:00,Thiết bị là cẩu trục 5 tấn dùng biến tần INVT 15kW,
70,https://hlauto.vn,7/3/2026 0:00,"Reset lỗi OV3 mà không kiểm tra điện trở xả và ramp-down là sửa triệu chứng, không sửa bệnh",
71,https://hlauto.vn,7/3/2026 0:00,"Kỹ thuật viên nhà máy đã tra tài liệu iG5A, tăng thời gian tăng tốc từ 5s lên 15s theo hướng dẫn xử lý OC, nhưng biến tần vẫn báo lỗi ngay khi khởi động, thậm chí không chạy được đến 5 Hz.",
72,https://hlauto.vn,7/3/2026 0:00,"Biến tần chạy bình thường ở chế độ manual (bàn phím), nhưng khi PLC Siemens S7-1200 gửi lệnh Run qua RS485, biến tần không phản hồi",
73,https://hlauto.vn,7/3/2026 0:00,"Biến tần Fuji Frenic Mega FRN030G1S-4A 30 kW báo lỗi OC ngay khi tăng tần số lên 35 Hz, dừng máy giữa chừng",
74,https://hlauto.vn,7/3/2026 0:00,"Lịch sử trip U12–U15 toàn là OC, không có OH hay OV xen kẽ.",
75,https://hlauto.vn,7/3/2026 0:00,"FRENIC-Ace phủ dải công suất rộng từ 0,4 kW đến 630 kW, hỗ trợ cả điều khiển V/F lẫn vector không cảm biến",
76,https://hlauto.vn,7/3/2026 0:00,"FRENIC-Mini dải công suất nhỏ từ 0,1 kW đến 15 kW, thiết kế compact, lập trình đơn giản.",
77,https://hlauto.vn,7/3/2026 0:00,"FRENIC-Mega là dòng chuyên cho tải nặng: máy nén khí, cẩu trục, máy ép nhựa, máy nghiền, thang máy công nghiệp.",
78,https://hlauto.vn,7/3/2026 0:00,"FRENIC-HVAC tối ưu cho hệ thống điều hòa trung tâm, quạt hút-thổi, chiller; tích hợp PID tự động, hỗ trợ BACnet và Modbus, tiết kiệm điện năng đáng kể",
79,https://hlauto.vn,7/3/2026 0:00,"FRENIC-Aqua chuyên cho trạm bơm cấp thoát nước, thủy lợi, giàn bơm đa máy",
80,https://hlauto.vn,7/3/2026 0:00,"Lỗi OC trên biến tần Fuji là mã lỗi phổ biến nhất, đặc biệt ở FRENIC-Mega và FRENIC-Ace.",
81,https://hlauto.vn,7/3/2026 0:00,Biến tần lỗi OV thường xuất hiện khi motor phanh đột ngột hoặc tải hồi năng lượng về bus DC.,
82,https://hlauto.vn,7/3/2026 0:00,Lỗi UV (UV Fuji) xuất hiện khi điện áp DC bus thấp hơn ngưỡng tối thiểu.,
83,https://hlauto.vn,7/3/2026 0:00,"Biến tần Fuji có cảm biến nhiệt tốt, sẽ bảo vệ ngay khi nhiệt độ heatsink vượt ngưỡng (thường 95°C với FRENIC-Ace)",
84,https://hlauto.vn,7/3/2026 0:00,Lỗi EF / GF (lỗi chạm đất biến tần Fuji) chỉ ra dòng rò từ dây pha xuống vỏ thiết bị.,
85,https://hlauto.vn,7/3/2026 0:00,Lỗi PHL (mất pha) yêu cầu kiểm tra ngay nguồn 3 pha đầu vào và tiếp điểm CB/contactor.,
86,https://hlauto.vn,7/3/2026 0:00,"Biến tần báo OC liên tục vào đầu ca sáng, reset được nhưng sau 10–15 phút lại tái diễn.",
87,https://hlauto.vn,7/3/2026 0:00,Biến tần báo OV (OV Fuji) mỗi khi băng tải dừng khẩn cấp theo lệnh E-Stop.,
88,https://hlauto.vn,7/3/2026 0:00,"Chớm vào những ngày nắng nóng, máy báo lỗi OH (OH Fuji) 2 - 3 lần trên ngày, quạt vẫn quay bình thường, tắt đi 10 - 15 phút thì bật lại được",
89,https://hlauto.vn,7/3/2026 0:00,"Biến tần báo GF (lỗi chạm đất biến tần Fuji) ngay khi cấp nguồn, không khởi động được.",
90,https://hlauto.vn,7/3/2026 0:00,"Biến tần báo luân phiên UV và OC3 không theo quy luật rõ ràng, thường vào giờ cao điểm tải",
91,https://hlauto.vn,7/3/2026 0:00,"Biến tần LS được phân phối rộng rãi qua hệ thống đại lý trải dài toàn quốc, giá thành cạnh tranh và linh kiện thay thế khá sẵn có",
92,https://hlauto.vn,7/3/2026 0:00,IGBT là trái tim của mạch nghịch lưu — chịu dòng lớn và nhiệt cao.,
93,https://hlauto.vn,7/3/2026 0:00,"Khi IGBT bị ngắn mạch hoặc hở mạch, máy sẽ trip OC ngay khi cấp điện hoặc không xuất điện ra motor.",
94,https://hlauto.vn,7/3/2026 0:00,Tụ điện phân cực (electrolytic capacitor) ở tầng DC link có tuổi thọ 5–10 năm,
95,https://hlauto.vn,7/3/2026 0:00,"Tụ yếu làm điện áp DC bus dao động mạnh, gây OV hoặc UV bất thường, đặc biệt rõ khi tải thay đổi đột ngột.",
96,https://hlauto.vn,7/3/2026 0:00,"Biến tần trip OC ngay khi nhấn Run, không khởi động được motor",
97,https://hlauto.vn,7/3/2026 0:00,Khách hàng đã thử reset nhiều lần nhưng lỗi vẫn tái diễn.,
98,https://hlauto.vn,7/3/2026 0:00,"Sau khi đo offline, phát hiện IGBT phase V ngắn mạch C–E",
99,https://hlauto.vn,7/3/2026 0:00,"Tụ DC bus còn tốt, board điều khiển không bị ảnh hưởng.",
100,https://hlauto.vn,7/3/2026 0:00,"Máy chạy được 10–15 phút rồi trip OH , bắt buộc phải dừng bơm làm mát máy sản xuất bên dưới.",
101,https://hlauto.vn,7/4/2026 0:00,"Dòng sản phẩm có nhiều model như KDE200, KDE300A, KDE500M… được thiết kế đơn giản",
102,https://hlauto.vn,7/4/2026 0:00,"Các dòng như GD200A, GD20, CHV110… có thể ứng dụng từ điều khiển quạt, bơm đến máy nén, máy ép.",
103,https://hlauto.vn,7/4/2026 0:00,"Delta là hãng Đài Loan nổi bật với các dòng như VFD-EL, VFD-M, VFD-E… thường dùng trong hệ thống tủ điện, dây chuyền tự động",
104,https://hlauto.vn,7/4/2026 0:00,"Trong số hơn 170 mã lỗi trong bảng mã lỗi biến tần Delta, chỉ khoảng 30 mã lỗi là thường xuyên xuất hiện trong thực tế vận hành – đặc biệt với các dòng biến tần như VFD-M, VFD-EL, MS300, C2000, v.v",
105,https://hlauto.vn,7/4/2026 0:00,"Khi biến tần báo lỗi với mã bắt đầu bằng “OC”, anh em kỹ thuật cần hiểu ngay đây là lỗi quá dòng",
106,https://hlauto.vn,7/4/2026 0:00,"Khi biến tần hiển thị mã lỗi bắt đầu bằng “OV”, anh em cần nhận định ngay đây là lỗi quá áp – tức là điện áp vượt quá ngưỡng cho phép, thường là ở ngõ vào (input) hoặc ngõ ra (output)",
107,https://hlauto.vn,7/4/2026 0:00,"Mã lỗi bắt đầu bằng “LV” là dấu hiệu biến tần phát hiện điện áp thấp bất thường, thường do nguồn vào sụt áp, dây nguồn nhỏ, hoặc hệ thống điện không ổn định.",
108,https://hlauto.vn,7/4/2026 0:00,"Dịch vụ sửa biến tần Siemens và các dòng MICROMASTER 440, SINAMICS G120, V20, V90 tại Hà Nội",
109,https://hlauto.vn,7/4/2026 0:00,"Ở các khu công nghiệp Việt Nam, Siemens xuất hiện khá phổ biến với nhiều thế hệ sản phẩm khác nhau",
110,https://hlauto.vn,7/4/2026 0:00,"SINAMICS V20 – dòng phổ thông, nhỏ gọn, phổ biến trong băng tải, bơm nhỏ, quạt công nghiệp",
111,https://hlauto.vn,7/4/2026 0:00,"F0001 Overcurrent là quá dòng,biến tần phát hiện dòng đầu ra vượt ngưỡng",
112,https://hlauto.vn,7/4/2026 0:00,"F0002 Overvoltage là quá áp DC bus, năng lượng phản hồi từ motor (khi giảm tốc nhanh) làm điện áp DC bus vượt ngưỡng",
113,https://hlauto.vn,7/4/2026 0:00,"F0003 Undervoltage là thiếu áp, điện áp DC bus sụt thấp",
114,https://hlauto.vn,7/4/2026 0:00,F0003 do mất pha tạm thời hoặc sụt áp lưới đơn lẻ,
115,https://hlauto.vn,7/4/2026 0:00,Ca sửa biến tần Siemens G120 22kW tại xưởng gỗ,
116,https://hlauto.vn,7/4/2026 0:00,"chỉ thay 4 tụ DC bị phồng và vệ sinh toàn bộ bo mạch, lỗi F0002 biến mất hoàn toàn",
117,https://hlauto.vn,7/4/2026 0:00,"Triệu chứng Mỗi sáng khởi động ca đầu đều báo F0001 , motor giật rồi dừng.",
118,https://hlauto.vn,7/4/2026 0:00,"Sửa chữa biến tần Siemens không phải lúc nào cũng là hàn, thay linh kiện.",
119,https://hlauto.vn,7/4/2026 0:00,"Bối cảnh Bơm ly tâm cấp nước công nghiệp, thường xuyên bật/tắt theo áp suất, đôi lúc dừng khẩn cấp.",
120,https://hlauto.vn,7/4/2026 0:00,"Triệu chứng F0002 xuất hiện mỗi khi dừng gấp, thỉnh thoảng F0003 vào giờ cao điểm tiêu thụ điện.",
121,https://hlauto.vn,7/4/2026 0:00,Hai lỗi khác nhau (F0002 và F0003 ) có cùng một phần nguyên nhân gốc rễ là điện trở xả thiếu và nguồn lưới yếu.,
122,https://hlauto.vn,7/4/2026 0:00,Triệu chứng F3001 xuất hiện ngắt quãng sau khi dừng tải nặng. Một lần xuất hiện cả F3801 sau va chạm cơ học vào tủ điện.,
123,https://hlauto.vn,7/4/2026 0:00,"Bối cảnh Máy bào gỗ, môi trường bụi mùn cưa dày đặc, hệ thống an toàn STO, điện trở xả gắn ngoài tủ.",
124,https://hlauto.vn,7/4/2026 0:00,"Lỗi F0001 , F0002 , F3001 , F3801 lặp lại nhiều lần sau khi đã kiểm tra cơ bản.",
125,https://hlauto.vn,7/4/2026 0:00,"Các thiết bị như MCCB, MCB, contactor, relay hoặc biến tần sau thời gian dài sử dụng có thể bị hao mòn, oxy hóa hoặc mất khả năng bảo vệ.",
126,https://hlauto.vn,7/4/2026 0:00,"Xử lý các sự cố tủ phân phối, tủ điều khiển máy sản xuất, tủ bù hạ thế, hệ thống khởi động từ, relay, aptomat (MCCB/ACB).",
127,https://hlauto.vn,7/4/2026 0:00,"Để ngăn ngừa triệt để, doanh nghiệp nên nhờ Long Gia lắp đặt rơ le bảo vệ mất pha, đảo pha (Phase Failure Relay) vào tủ điện điều khiển tổng.",
128,https://hlauto.vn,7/4/2026 0:00,"Các máy phay CNC cũ không được trang bị DRO để hiển thị vị trí chính xác của các trục X, Y, Z.",
129,https://hlauto.vn,7/4/2026 0:00,"Việc thiếu các tính năng hiện đại trên máy phay mini cũ là một “nút thắt cổ chai” lớn, làm chậm tốc độ làm việc, tăng cường các thao tác thủ công và khiến máy không thể đạt được hiệu suất của các máy thế hệ mới.",
130,https://hlauto.vn,7/4/2026 0:00,"Hệ thống điều khiển lỗi thời là một trong những bất cập lớn nhất của máy phay mini CNC cũ, vì nó ảnh hưởng trực tiếp đến khả năng vận hành, lập trình và hiệu suất tổng thể của máy.",
131,https://hlauto.vn,7/4/2026 0:00,"Khả năng nâng cấp hạn chế là một trong những bất cập lớn và ít được chú ý của máy phay mini cũ, khiến chúng trở thành một khoản đầu tư không bền vững về lâu dài.",
132,https://hlauto.vn,7/4/2026 0:00,Những chiếc máy phay cơ đã qua sử dụng trở thành lựa chọn hấp dẫn để bắt đầu hoặc mở rộng năng lực gia công mà không cần một khoản đầu tư khổng lồ,
133,https://hlauto.vn,7/4/2026 0:00,"Sau nhiều năm sử dụng, ren của vít me và đai ốc sẽ bị mòn, tạo ra một khoảng trống (rơ) nhất định.",
134,https://hlauto.vn,7/4/2026 0:00,"Rãnh trượt và các bề mặt dẫn hướng bị mài mòn không đều gây ra sự rung động, giật cục trong quá trình di chuyển.",
135,https://hlauto.vn,7/4/2026 0:00,"Khi bạc đạn bị mòn hoặc hỏng, trục chính sẽ không còn quay đúng tâm, gây ra hiện tượng đảo dao.",
136,https://hlauto.vn,7/4/2026 0:00,Khung máy phay cơ cũ có thể bị biến dạng nhẹ hoặc các mối ghép bị lỏng lẻo.,
137,https://hlauto.vn,7/4/2026 0:00,Năng suất của máy phay công nghiệp cũ phụ thuộc rất nhiều vào kinh nghiệm và tay nghề của người thợ.,
138,https://hlauto.vn,7/4/2026 0:00,"Máy phay mini CNC 3 trục là loại máy công cụ sử dụng hệ thống điều khiển số bằng máy tính để tự động hóa các chuyển động của dao phay theo 3 trục tọa độ độc lập: trục X (dọc), trục Y (ngang) và trục Z (đứng)",
139,https://hlauto.vn,7/4/2026 0:00,"Việc mua máy phay CNC 3 trục cũ tiềm ẩn vô số nguy cơ mà nếu không đánh giá kỹ lưỡng, chúng có thể phát sinh một chi phí khổng lồ trong dài hạn, ảnh hưởng nghiêm trọng đến hoạt động sản xuất.",
140,https://hlauto.vn,7/4/2026 0:00,"Nhiệt độ, độ ẩm, bụi bẩn và các biến động điện áp có thể gây hỏng hóc các bo mạch chính, các thiết bị ngoại vi, hoặc bộ cấp nguồn.",
141,https://hlauto.vn,7/4/2026 0:00,"Các bộ phận chuyển động quan trọng (ray trượt, vít me) không được bôi trơn đầy đủ, làm tăng ma sát và đẩy nhanh quá trình mài mòn.",
142,https://hlauto.vn,7/4/2026 0:00,Thời gian dừng máy kéo dài do máy phay CNC 3 trục cũ dễ hỏng vặt và cần sửa chữa thường xuyên.,
143,https://hlauto.vn,7/4/2026 0:00,"Trên máy tiện cụt cũ, băng máy ngang và bàn trượt chịu nhiều áp lực và di chuyển thường xuyên.",
144,https://hlauto.vn,7/4/2026 0:00,"Động cơ yếu hơn so với công suất danh định, dễ bị quá nhiệt, phát ra mùi lạ hoặc tiếng ồn bất thường.",
145,https://hlauto.vn,7/4/2026 0:00,"Trong bối cảnh công nghệ phát triển không ngừng, việc sở hữu một chiếc máy tiện CNC không chỉ là nâng cấp thiết bị, mà là một bước đi chiến lược để tối ưu hóa quy trình, nâng cao chất lượng sản phẩm và tạo lợi thế cạnh tranh vượt trội.",
146,https://hlauto.vn,7/4/2026 0:00,"Trong thế giới gia công cơ khí chính xác, máy phay CNC 4 trục là một bước nhảy vọt trong công nghệ phay tiện so với người tiền nhiệm 3 trục",
147,https://hlauto.vn,7/4/2026 0:00,"Máy phay CNC 4 trục là máy phay CNC bao gồm 3 trục tịnh tiến quen thuộc (X, Y, Z) và 1 trục quay bổ sung: trục A (xoay quanh trục X), trục B (xoay quanh trục Y) hoặc trục C (xoay quanh trục Z)",
148,https://hlauto.vn,7/4/2026 0:00,Động cơ Servo của trục quay xuống cấp,
149,https://hlauto.vn,7/4/2026 0:00,Trục quay có độ rơ lớn,
150,https://hlauto.vn,7/4/2026 0:00,Bơm dầu bị cạn do rò rỉ không khí trong ống hút dầu của bơm dầu hoặc mức dầu trong bình dầu thấp.,
151,https://hlauto.vn,7/4/2026 0:00,Bộ lọc dầu áp suất cao đầu ra bị chặn hoặc lưu lượng không đạt tiêu chuẩn.,
152,https://hlauto.vn,7/4/2026 0:00,"Aptomat tổng hoặc nhánh thường xuyên nhảy, gây gián đoạn sản xuất.",
153,https://hlauto.vn,7/4/2026 0:00,"Contactor bị dính, cháy tiếp điểm",
154,https://hlauto.vn,7/4/2026 0:00,Tụ DC Link là thành phần quan trọng nhất khi nói về thay tụ điện trong biến tần,
155,https://hlauto.vn,7/4/2026 0:00,Nó đóng vai trò làm phẳng điện áp DC từ mạch chỉnh lưu trước khi cấp cho mạch nghịch lưu PWM.,
156,https://hlauto.vn,7/4/2026 0:00,"Tháng 7/2024, nhà máy sản xuất nhựa Tân Bình gọi HLAuto hỗ trợ khẩn cấp",
157,https://hlauto.vn,7/4/2026 0:00,"3 biến tần Schneider ATV320 (15kW) báo lỗi ""DC BUS FAULT""",
158,https://hlauto.vn,7/4/2026 0:00,"Tại xưởng sản xuất cơ khí Bình Dương, kỹ thuật viên HLAuto gặp biến tần Delta E310 báo lỗi UV",
159,https://hlauto.vn,7/4/2026 0:00,Một khách hàng tại Cần Thơ phản ánh biến tần không chạy khi bấm nút ON.,
160,https://hlauto.vn,7/4/2026 0:00,Kỹ thuật viên HLAuto đo thấy ngõ RUN không có điện áp điều khiển do tiếp điểm relay của PLC bị oxy hóa.,
161,https://hlauto.vn,7/4/2026 0:00,"Trên biến tần hoặc module truyền thông PLC, các đèn LED (COMM, RUN, ERR...) là tín hiệu trực quan giúp bạn phán đoán nhanh tình trạng kết nối",
162,https://hlauto.vn,7/4/2026 0:00,Biến tần Delta VFD-M không nhận tín hiệu từ PLC S7-200,
163,https://hlauto.vn,7/4/2026 0:00,Biến tần LS iG5A báo lỗi rs485 sau 1 thời gian chạy,
164,https://hlauto.vn,7/4/2026 0:00,Biến tần Schneider ATV310 điều khiển qua PLC S7-1200 (Modbus TCP) không kết nối được,
165,https://hlauto.vn,7/4/2026 0:00,chúng tôi đã gặp trường hợp biến tần Schneider ATV630 22kW có điện trở cách điện chỉ 2.3MΩ - thấp hơn nhiều so với tiêu chuẩn 10MΩ,
166,https://hlauto.vn,7/4/2026 0:00,"Biến tần ABB ACS580 7.5kW sau khi thay IGBT module, customer phàn nàn ""tiếng ồn khác lạ""",
167,https://hlauto.vn,7/4/2026 0:00,"Tại xưởng cơ khí Bình Dương, biến tần ATV320 5.5kW hoạt động bình thường nhưng customer báo ""motor nóng hơn bình thường"".",
168,https://hlauto.vn,7/4/2026 0:00,Biến tần Danfoss FC302 15kW tại nhà máy thức ăn chăn nuôi,
169,https://hlauto.vn,7/4/2026 0:00,"Nhà máy dệt may Đồng Nai, máy dệt kim chính dừng hoạt động do biến tần ABB ACS880 báo lỗi ""IGBT bị ngắn mạch""",
170,https://hlauto.vn,7/4/2026 0:00,"Biến tần Mitsubishi FR-F800 5,5kW báo lỗi quá dòng sau sửa bo mạch điều khiển",
171,https://hlauto.vn,7/4/2026 0:00,"Xưởng sản xuất gỗ tại Bình Dương, biến tần Mitsubishi FR-F800 điều khiển băng tải bị sét đánh làm cháy bo mạch điều khiển.",
172,https://hlauto.vn,7/4/2026 0:00,"Nhà máy sản xuất nhựa, ATV930 11kW truyền động trục vít ép",
173,https://hlauto.vn,7/4/2026 0:00,"Sau sửa chữa quạt làm mát, thử nghiệm sau khi sửa chữa biến tần gặp lỗi quá nhiệt.",
174,https://hlauto.vn,7/4/2026 0:00,Tôi từng mất 3 ngày để tìm lỗi biến tần Mitsubishi FR-E720,
175,https://hlauto.vn,7/4/2026 0:00,"Thay đủ thứ từ IGBT đến bo mạch, cuối cùng mới phát hiện chỉ do cài sai chế độ điều khiển từ Sensorless Vector sang V/F",
176,https://hlauto.vn,7/4/2026 0:00,"Trong hệ thống tự động hóa hiện đại, truyền thông biến tần PLC qua Modbus RTU/TCP là điều không thể thiếu",
177,https://hlauto.vn,7/4/2026 0:00,"Tại nhà máy thức ăn chăn nuôi Bình Minh, 5 biến tần ABB ACS580 cùng chung 1 địa chỉ Modbus ID = 01.",
178,https://hlauto.vn,7/4/2026 0:00,"Kết quả là cả 5 biến tần đều không nhận được lệnh từ PLC, dây chuyền nghiền ngừng hoạt động 4 tiếng.",
179,https://hlauto.vn,7/4/2026 0:00,Cài đặt tham số không phù hợp,
180,https://hlauto.vn,7/4/2026 0:00,"12 biến tần Schneider ATV312 điều khiển băng tải chuyền thép đột nhiên cùng báo lỗi ""Communication Error"" sau khi bảo trì định kỳ.",
181,https://hlauto.vn,7/4/2026 0:00,Biến tần Delta VFD-M 15kW tại xưởng sản xuất gạch Viglacera. Motor 15kW/4P/380V/28A nhưng kỹ thuật viên cài P10=11kW.,
182,https://hlauto.vn,7/4/2026 0:00,"motor không đạt đủ mô-men, máy ép gạch chạy chậm, sản lượng giảm 30%.",
183,https://hlauto.vn,7/4/2026 0:00,Dây chuyền đóng chai bia với 8 biến tần Schneider ATV320 điều khiển băng tải.,
184,https://hlauto.vn,7/4/2026 0:00,"PLC Schneider M241 gửi lệnh 25Hz, nhưng biến tần chạy 15Hz rồi nhảy lên 35Hz",
185,https://hlauto.vn,7/4/2026 0:00,HMI Weintek eMT3120A và PLC M241 cùng ghi vào register 40002 (frequency reference) với tần suất cao,
186,https://hlauto.vn,7/4/2026 0:00,Phân xưởng sản xuất thức ăn thủy sản với biến tần Yaskawa CIMR-VC4A0018 (7.5kW),
187,https://hlauto.vn,7/4/2026 0:00,"Màn hình LCD hiển thị ký tự lạ: ""A.RUN"", ""F.?@#""",
188,https://hlauto.vn,7/4/2026 0:00,Hệ thống băng tải than tại nhà máy xi măng Hoàng Thạch.,
189,https://hlauto.vn,7/4/2026 0:00,Lỗi xung đột PLC-HMI tại nhà máy bia Sabeco,
190,https://hlauto.vn,7/4/2026 0:00,Cảm biến nhiệt NTC 10kΩ trên tản nhiệt bị đứt mạch từ 2 tháng trước,
191,https://hlauto.vn,7/4/2026 0:00,"Biến tần báo ""OH"" (Overheat) dù chưa chạy",
192,https://hlauto.vn,7/4/2026 0:00,LED báo lỗi nháy liên tục theo pattern cố định,
193,https://hlauto.vn,7/4/2026 0:00,"Cuối năm 2024, HLAuto nhận được cuộc gọi khẩn từ một nhà máy chế biến thức ăn gia súc tại Đồng Nai",
194,https://hlauto.vn,7/4/2026 0:00,"Biến tần ABB ACS880 75kW điều khiển băng tải chính liên tục báo lỗi ""OH1"" sau 3 tháng vận hành.",
195,https://hlauto.vn,7/4/2026 0:00,"Dù đã ngắt nguồn AC, tụ điện trong biến tần vẫn có thể chứa điện áp cao (>400V DC) trong 10-15 phút.",
196,https://hlauto.vn,7/4/2026 0:00,"Tháng 3/2024, HLAuto nhận được yêu cầu khẩn cấp từ nhà máy xi măng Hoàng Thạch - Quảng Ninh",
197,https://hlauto.vn,7/4/2026 0:00,"Biến tần ABB ACS880-01-430A-3 (200kW) điều khiển quạt hút bụi chính liên tục báo lỗi ""OH1"" sau 6 tháng vận hành.",
198,https://hlauto.vn,7/4/2026 0:00,"Bo điều khiển (Control Board) chính là ""bộ não"" của toàn bộ hệ thống biến tần",
199,https://hlauto.vn,7/4/2026 0:00,"Vi điều khiển (MCU/DSP): Xử lý thuật toán điều khiển, thường là ARM Cortex hoặc DSP TI",
200,https://hlauto.vn,7/4/2026 0:00,"Mạch nguồn xung: Cấp nguồn ổn định 5V, 3.3V, ±15V cho các IC",
201,https://hlauto.vn,7/4/2026 0:00,"IC giao tiếp: RS485, CAN, Modbus để kết nối với PLC/HMI",
202,https://hlauto.vn,7/4/2026 0:00,Màn hình LED 7 đoạn hiển thị loạn ký tự,
203,https://hlauto.vn,7/4/2026 0:00,Màn hình LCD chập chờn hoặc mờ dần,
204,https://hlauto.vn,7/4/2026 0:00,"Năm 2023, tôi nhận sửa một bo điều khiển Mitsubishi FR-E740.",
205,https://hlauto.vn,7/4/2026 0:00,"Chỉ bằng mắt thường, tôi đã phát hiện tụ tantalum 100µF/16V bị phồng.",
206,https://hlauto.vn,7/4/2026 0:00,Tôi từng nhận sửa một bo điều khiển Delta VFD từ xưởng chế biến thủy sản.,
207,https://hlauto.vn,7/4/2026 0:00,Bo này bị ăn mòn nặng do môi trường ẩm mặn,
208,https://hlauto.vn,7/4/2026 0:00,"Biến tần Schneider ATV312 báo lỗi ""UnF"" (Under Voltage).",
209,https://hlauto.vn,7/4/2026 0:00,Tôi phát hiện IC UC3843 chết do quá nhiệt,
210,https://hlauto.vn,7/4/2026 0:00,"Biến tần Mitsubishi FR-A700 7.5kW điều khiển máy cắt vải, đột nhiên báo lỗi ""OC"" (Over Current) và dừng hoạt động.",
211,https://hlauto.vn,7/4/2026 0:00,Hệ thống 8 biến tần ABB ACS550 kết nối Modbus với PLC Siemens,
212,https://hlauto.vn,7/4/2026 0:00,"Sau cơn dông lớn, biến tần Yaskawa V1000 5.5kW điều khiển máy bào gỗ không lên nguồn.",
213,https://hlauto.vn,7/4/2026 0:00,"PLC báo ""Communication Error"" với 3 biến tần",
214,https://hlauto.vn,7/4/2026 0:00,"Tiếp điểm aptomat 3 pha bị hở một pha do quá tải lặp lại, cầu chì chì nổ không đều",
215,https://hlauto.vn,7/4/2026 0:00,Biến tần Delta VFD-B 15kW báo ERR12 liên tục,
216,https://hlauto.vn,7/4/2026 0:00,Biến tần báo lỗi ERR12 (mất pha đầu vào) sau mỗi 2–3 ngày chạy.,
217,https://hlauto.vn,7/4/2026 0:00,"Contactor 3 pha đã dùng được 2 năm, tiếp điểm pha T bị mòn không đều, điện trở tiếp xúc tăng cao",
218,https://hlauto.vn,7/4/2026 0:00,Biến tần Schneider ATV320 7.5kW báo SPO,
219,https://hlauto.vn,7/4/2026 0:00,"Biến tần chạy bình thường đến 35 Hz, nhưng khi tăng tần số lên 45–50 Hz thì báo SPO (mất pha đầu ra)",
220,https://hlauto.vn,7/4/2026 0:00,"Bạn sinh viên năm 4 ngành Điện tự động hóa mang biến tần INVT GD100 về xưởng thực tập, biến tần báo E-16 (mất pha đầu vào) nhưng đo điện áp 3 pha đầu vào vẫn đủ và cân bằng.",
221,https://hlauto.vn,7/4/2026 0:00,"Bụi bông sợi (xưởng dệt cũ) bám dày lên board điều khiển, làm tăng điện trở rò giữa các đường mạch, cảm biến điện áp (voltage sensing resistor) đọc sai giá trị pha R.",
222,https://hlauto.vn,7/4/2026 0:00,Sinh viên thực tập phát hiện lỗi mất pha trong 30 phút,
223,https://hlauto.vn,7/4/2026 0:00,Quạt tản nhiệt kêu khác thường hoặc không quay,
224,https://hlauto.vn,7/4/2026 0:00,Quạt tản nhiệt hỏng hoặc bám bụi nặng,
225,https://hlauto.vn,7/4/2026 0:00,Module IGBT hoặc mosfet suy giảm tuổi thọ,
226,https://hlauto.vn,7/4/2026 0:00,Cảm biến nhiệt (thermistor/NTC) bị lỗi – báo OH sai,
227,https://hlauto.vn,7/4/2026 0:00,"Biến tần báo OH1, dừng máy sau 2–3 giờ chạy, reset tắt-bật thì chạy lại được nhưng lỗi tái phát.",
228,https://hlauto.vn,7/4/2026 0:00,Xưởng dệt Bắc Ninh có INVT GD200A 22 kW báo lỗi OH1 lặp lại 3 lần/tuần,
229,https://hlauto.vn,7/4/2026 0:00,"Biến tần báo OH1, dừng máy sau 2–3 giờ chạy, reset tắt-bật thì chạy lại được nhưng lỗi tái phát",
230,https://hlauto.vn,7/4/2026 0:00,"Xưởng chế biến gỗ tại Gia Lâm, Hà Nội – tủ điện không có điều hòa, đặt ngay cạnh máy bào phát sinh nhiều mùn gỗ.",
231,https://hlauto.vn,7/4/2026 0:00,Biến tần G120 trip F30001 (OH) ngay sau 30 phút khởi động mỗi ngày.,
232,https://hlauto.vn,7/4/2026 0:00,Fuji Frenic 5000V7 280 kW – Xưởng gỗ Hà Nam: OH1 sau 2–3 giờ chạy,
233,https://hlauto.vn,7/4/2026 0:00,Đây là một trong những ca sửa biến tần lỗi OH nặng nhất mà HLAuto tiếp nhận trong quý I/2026.,
234,https://hlauto.vn,7/4/2026 0:00,Biến tần Fuji Frenic 5000V7 công suất 280 kW tại xưởng gỗ Hà Nam – vận hành liên tục cho hệ thống băng tải chính – bắt đầu báo lỗi OH1 sau khoảng 2 đến 3 giờ khởi động mỗi ca,
235,https://hlauto.vn,7/4/2026 0:00,Máy 280 kW chạy với quạt chết hoàn toàn trong môi trường bụi là tổ hợp gây OH1 chắc chắn.,
236,https://hlauto.vn,7/4/2026 0:00,"Điện áp lưới khu công nghiệp tại Bắc Ninh, Hưng Yên, Thái Nguyên thường dao động đáng kể trong giờ cao điểm – đặc biệt với các nhà máy nằm ở cuối đường dây hạ áp, nguồn yếu vốn đã không ổn định.",
237,https://hlauto.vn,7/4/2026 0:00,"Biến tần 7.5 kW, dây 4 mm², khoảng cách từ tủ điện đến biến tần khoảng 60 m",
238,https://hlauto.vn,7/4/2026 0:00,Tụ điện DC bus (electrolytic capacitor) là linh kiện tiêu hao quan trọng nhất trong biến tần.,
239,https://hlauto.vn,7/4/2026 0:00,"Băng tải báo UV vào giờ cao điểm tại nhà máy thực phẩm, Bắc Ninh",
240,https://hlauto.vn,7/4/2026 0:00,Biến tần INVT GD200A-7R5G/011P-4 (7.5 kW) báo UV mỗi ngày vào khoảng 11h30–12h30 và 17h–18h,
241,https://hlauto.vn,7/4/2026 0:00,Biến tần Delta VFD-C2000 5.5 kW báo UV mỗi khi motor khởi động tải máy dập nhỏ (tải nặng lúc khởi động),
242,https://hlauto.vn,7/4/2026 0:00,"Biến tần Yaskawa A1000 11 kW đã dùng 8 năm, gần đây bắt đầu báo UV1 ngẫu nhiên khi chạy tải từ 60% trở lên",
243,https://hlauto.vn,7/4/2026 0:00,"Tụ DC bus già sau 8 năm vận hành rại nhà máy dệt, Thái Bình",
244,https://hlauto.vn,7/4/2026 0:00,Thay toàn bộ bộ tụ DC bus bằng tụ Nippon Chemi-Con cùng spec,
245,https://hlauto.vn,7/4/2026 0:00,Biến tần Siemens G120 15 kW báo F0003 (UV) nhưng đo DC bus thực tế bằng đồng hồ thì điện áp hoàn toàn bình thường (~538VDC).,
246,https://hlauto.vn,7/4/2026 0:00,"Nhà máy nhựa, Vĩnh Phúc có board đo áp báo sai",
247,https://hlauto.vn,7/4/2026 0:00,Biến tần Siemens G120 15 kW báo F0003 (UV) nhưng đo DC bus thực tế bằng đồng hồ thì điện áp hoàn toàn bình thường (~538VDC),
248,https://hlauto.vn,7/4/2026 0:00,"Biến tần INVT GD200-037G/045P-4 (37kW), dây chuyền cưa xẻ gỗ.",
249,https://hlauto.vn,7/4/2026 0:00,"Biến tần Yaskawa GA500-4045 (45kW) báo OL3 lúc khởi động buổi sáng, chạy bình thường buổi chiều.",
250,https://hlauto.vn,7/4/2026 0:00,"INVT 37kW, dây chuyền ép nhựa, báo OL1 sau 20 phút chạy.",
251,https://hlauto.vn,7/4/2026 0:00,Quạt HVAC tòa nhà chạy chập chờn sau khi thay motor,
