id,source_url,date_collected,sentence,MACHINE,COMPONENT,DEFECT_TYPE,ERROR_CODE,LOCATION,notes
1,https://hlauto.vn,7/2/2026,"Biến tần Mitsubishi E700 đột nhiên báo lỗi OC1, dây chuyền đóng gói đứng im rồi",dây chuyền đóng gói,Biến tần Mitsubishi E700,,OC1,,
2,https://hlauto.vn,7/2/2026,"Tháng 3/2024, mình nhận được cuộc gọi từ anh Hải - chủ xưởng dệt vải ở Nam Định",,,,,xưởng dệt vải ở Nam Định,
3,https://hlauto.vn,7/2/2026,"Biến tần Delta VFD-B 15kW điều khiển máy dệt chính đột nhiên ""chết im""",máy dệt,Biến tần Delta VFD-B 15kW,,,,
4,https://hlauto.vn,7/2/2026,"Ban đầu anh Hải nhờ thợ điện địa phương xem, kết luận là tụ nguồn hỏng nhưng không sửa được vì thiếu linh kiện chính hãng",,tụ nguồn,hỏng,,,
5,https://hlauto.vn,7/2/2026,"Kỹ thuật viên có mặt trong 4 giờ, mang theo tụ Nippon Chemi-Con chính hãng, sửa xong trong ngày",,tụ Nippon Chemi-Con,,,,
6,https://hlauto.vn,7/2/2026,"Năm 2018, mình sửa biến tần ABB ACS550 22kW cho nhà máy bia ở Hà Đông",biến tần ABB ACS550 22kW,,,,nhà máy bia ở Hà Đông,
7,https://hlauto.vn,7/2/2026,Lỗi ban đầu là module IGBT chết do quá dòng (motor bơm bị kẹt),,module IGBT,chết do quá dòng,,,
8,https://hlauto.vn,7/2/2026,"Sau khi thay IGBT, mình còn kiểm tra toàn bộ hệ thống: cảm biến nhiệt, quạt tản nhiệt, điện áp nguồn, và đặc biệt là NGUYÊN NHÂN GỐC RỄ - vòng bi motor đã mòn.",,IGBT; vòng bi motor,mòn,,,
9,https://hlauto.vn,7/2/2026,"Biến tần báo OC không phải lỗi ở biến tần, mà có thể do motor, cơ khí, hoặc điện áp lưới không ổn định.",,Biến tần,,OC,,
10,https://hlauto.vn,7/2/2026,Anh Hùng - chủ xưởng cơ khí có máy tiện CNC điều khiển bằng biến tần Mitsubitshi E700 3.7kW,máy tiện CNC,biến tần Mitsubitshi E700 3.7kW,,,xưởng cơ khí,
11,https://hlauto.vn,7/2/2026,"Sáng thứ 2, bật máy lên thì biến tần báo lỗi OC3 ngay lập tức",,,,OC3,,
12,https://hlauto.vn,7/2/2026,"Kỹ thuật viên kiểm tra phát hiện vòng bi motor bị mòn, kẹt cứng.",,vòng bi motor,"mòn, kẹt cứng.",,,
13,https://hlauto.vn,7/2/2026,"Khi biến tần cấp dòng khởi động, motor không quay được là OC3",,biến tần cấp dòng; motor,không quay được,OC3,,
14,https://hlauto.vn,7/2/2026,Chị Lan - giám sát xưởng sản xuất gạch men báo biến tần Fuji 15kW điều khiển băng tải luôn báo lỗi OV mỗi khi ấn STOP,băng tải,biến tần Fuji 15kW,,OV,xưởng sản xuất gạch men,
15,https://hlauto.vn,7/2/2026,"Khi dừng đột ngột, băng tải vẫn còn đà quay, motor hoạt động như máy phát điện, ""bơm"" điện ngược về biến tần",băng tải,motor; biến tần,,,,
16,https://hlauto.vn,7/2/2026,Điện áp bus DC tăng vọt từ 540V lên 720V là OV,,,Điện áp bus DC tăng vọt từ 540V lên 720V,OV,,
17,https://hlauto.vn,7/2/2026,"Tháng 7/2024, anh Đức - chủ xưởng ép nhựa gọi điện",,,,,xưởng ép nhựa,
18,https://hlauto.vn,7/2/2026,"Anh Long ơi, 3 biến tần Yaskawa A1000 cứ chạy 2-3 tiếng là báo OH hết",biến tần Yaskawa A1000,,OH,,,
19,https://hlauto.vn,7/2/2026,"Quạt tản nhiệt của 2/3 biến tần bị bụi bã nhựa bịt kín, không quay được.",,Quạt tản nhiệt; biến tần,,,,
20,https://hlauto.vn,7/2/2026,"Sáng đi làm, bật nguồn lên biến tần không phản ứng gì",biến tần,,không phản ứng gì,,,
21,https://hlauto.vn,7/2/2026,"Bơm nước chạy yếu, áp lực không đủ, motor rung",Bơm nước,motor,"chạy yếu, áp lực không đủ",,,
22,https://hlauto.vn,7/2/2026,"Kỹ thuật tòa nhà nghĩ motor hỏng, chuẩn bị thay mới.",,motor,,,tòa nhà,
23,https://hlauto.vn,7/2/2026,"Hệ thống 5 biến tần Delta điều khiển băng tải, kết nối PLC bằng Modbus RS485",băng tải,biến tần Delta; PLC,,,,
24,https://hlauto.vn,7/2/2026,"Thỉnh thoảng PLC mất kết nối ngẫu nhiên, báo lỗi Er02.",,PLC,,Er02,,
25,https://hlauto.vn,7/2/2026,Biến tần Danfoss FC302 11kW báo lỗi Trip 16,,Biến tần Danfoss FC302 11kW,,Trip 16,,
26,https://hlauto.vn,7/2/2026,"SCR chỉnh lưu pha R bị chập, làm điện áp DC tăng vọt",,SCR chỉnh lưu pha R,chập,,,
27,https://hlauto.vn,7/2/2026,"Tháng 8/2024, anh Minh mang biến tần Yaskawa A1000 22kW đến HLAuto",,biến tần Yaskawa A1000 22kW,,,,
28,https://hlauto.vn,7/2/2026,"Biến tần ABB ACS550 sửa thay IGBT pha Uch chính hỏng (8.5 triệu), IGBT hỏng (3.2 triệu), tụ nguồn hỏng (1.5 triệu)",,Biến tần ABB ACS550; IGBT; IGBT,,,,
29,https://hlauto.vn,7/2/2026,"Khi thay IGBT, kỹ thuật viên tra keo tản nhiệt không đều, có bọt khí.",,IGBT,,,,
30,https://hlauto.vn,7/2/2026,"Biến tần giao khách, chạy 1-2 tuần sẽ báo OH hoặc IGBT chết do quá nhiệt.",Biến tần,IGBT,chết do quá nhiệt,OH,,
31,https://hlauto.vn,7/2/2026,"Anh Dũng - chủ xưởng mộc ở Hà Đông, nhờ thợ sửa điện gần nhà sửa biến tần Delta 5.5kW với giá 800k",biến tần Delta 5.5kW,,,,xưởng mộc ở Hà Đông,
32,https://hlauto.vn,7/2/2026,"Thợ dùng tụ điện Trung Quốc giá rẻ (50k/cái thay vì 350k Nippon), không test kỹ, chỉ chạy thử 10 phút là giao khách.",,tụ điện Trung Quốc,,,,
33,https://hlauto.vn,7/2/2026,Biến tần Yaskawa L1000A sửa xong,Biến tần Yaskawa L1000A,,,,,
34,https://hlauto.vn,7/2/2026,"Lỗi OC và OH là 2 lỗi phổ biến nhất, chiếm gần 40% tổng số case",,,,OC; OH,,
35,https://hlauto.vn,7/2/2026,"Lỗi không lên nguồn tuy ít gặp hơn nhưng thời gian xử lý lại lâu nhất (4-8 giờ) do cần kiểm tra nhiều khâu từ nguồn vào đến bo nguồn, tụ, diode...",,,Lỗi không lên nguồn,,,
36,https://hlauto.vn,7/2/2026,"Lỗi giao tiếp ít gặp nhất (chỉ 5-8% case) nhưng lại khó chẩn đoán nhất với kỹ thuật viên mới, đòi hỏi hiểu biết về giao tiếp công nghiệp.",,,Lỗi giao tiếp,,,
37,https://hlauto.vn,7/2/2026,"Các lỗi liên quan đến môi trường (OH, bụi bẩn) xử lý nhanh nhất",,,,OH,,
38,https://hlauto.vn,7/2/2026,"Các lỗi liên quan đến phần cứng (OC do IGBT cháy, không lên nguồn) mất thời gian hơn",,IGBT,cháy,OC,,
39,https://hlauto.vn,7/2/2026,Delta VFD-E 15kW không lên nguồn,Delta VFD-E 15kW,,,,,
40,https://hlauto.vn,7/2/2026,"Tháng 3/2024, một khách hàng xưởng may ở Bắc Ninh gửi biến tần Delta VFD-E 15kW về HLAuto",biến tần Delta VFD-E 15kW,,,,xưởng may ở Bắc Ninh,
41,https://hlauto.vn,7/2/2026,Mitsubishi FR-A840 37kW không lên nguồn,Mitsubishi FR-A840 37kW,,không lên nguồn,,,
42,https://hlauto.vn,7/2/2026,"Tháng 6/2024, một nhà máy nhựa ở Đồng Nai gặp sự cố biến tần Mitsubishi FR-A840 37kW không lên nguồn",Mitsubishi FR-A840 37kW,,không lên nguồn,,nhà máy nhựa ở Đồng Nai,
43,https://hlauto.vn,7/2/2026,"Lỗi OC (Overcurrent) là lỗi phổ biến nhất trong các lỗi thường gặp ở biến tần, chiếm đến 20-25% tổng số case.",,,,OC,,
44,https://hlauto.vn,7/2/2026,"Biến tần hiển thị mã lỗi OC, OC1 (khi tăng tốc), OC2 (khi giảm tốc), OC3 (khi chạy ổn định), hoặc OCA (khi tự động chạy), và ngắt ngay lập tức để bảo vệ IGBT khỏi cháy.",,IGBT,,OC; OC1; OC2; OC3; OCA,,
45,https://hlauto.vn,7/2/2026,"Tháng 7/2024, một xưởng cơ khí ở Bình Dương gửi biến tần Schneider ATV320 11kW về HLAuto.",biến tần Schneider ATV320 11kW,,,,xưởng cơ khí ở Bình Dương,
46,https://hlauto.vn,7/2/2026,"Báo lỗi OC ngay khi nhấn Start, motor chưa kịp quay.",motor,,,OC,,
47,https://hlauto.vn,7/2/2026,Lỗi OV (Overvoltage) xảy ra khi điện áp DC Bus vượt quá ngưỡng cho phép,,,điện áp DC Bus vượt quá ngưỡng cho phép,OV,,
48,https://hlauto.vn,7/2/2026,"Với biến tần 220V, ngưỡng thường là 400-410VDC, còn biến tần 380V là 750-800VDC.",biến tần 220V,,,,,
49,https://hlauto.vn,7/2/2026,"Tháng 5/2024, một xưởng dệt ở Nam Định gặp lỗi OV liên tục trên 3 biến tần Delta VFD-C2000 7.5kW điều khiển motor cuốn vải.",motor cuốn vải,biến tần Delta VFD-C2000 7.5kW,,OV,xưởng dệt ở Nam Định,
50,https://hlauto.vn,7/2/2026,Lỗi UV (Undervoltage) xảy ra khi điện áp DC Bus giảm xuống dưới ngưỡng cho phép.,,,DC Bus giảm xuống dưới ngưỡng cho phép,UV,,
51,https://hlauto.vn,7/3/2026,"Lỗi giao tiếp (Communication Error) xảy ra khi biến tần và PLC không truyền nhận dữ liệu được qua các chuẩn RS485, Modbus RTU, Profibus, Ethernet/IP.",biến tần; PLC,,,,,
52,https://hlauto.vn,7/3/2026,"Tháng 10/2024, một dự án băng tải ở Long An gặp lỗi giao tiếp giữa PLC S7-1200 và 8 biến tần Schneider ATV320",băng tải,PLC S7-1200; biến tần Schneider ATV320,lỗi giao tiếp,,Long An,
53,https://hlauto.vn,7/3/2026,"Tháng 8/2024, xưởng chế biến gỗ ở Đồng Nai gửi về 4 biến tần Mitsubishi FR-A840 (mỗi cái ~25 triệu)",biến tần Mitsubishi FR-A840,,,,xưởng chế biến gỗ ở Đồng Nai,
54,https://hlauto.vn,7/3/2026,Lỗi OL (Overload) xảy ra khi biến tần phát hiện tải vượt quá khả năng cho phép trong thời gian dài,biến tần,,tải vượt quá khả năng cho phép,OL,,
55,https://hlauto.vn,7/3/2026,"Biến tần INVT GD200-037G/045P-4 (37kW), dây chuyền cưa xẻ gỗ",dây chuyền cưa xẻ gỗ,Biến tần INVT GD200-037G/045P-4 (37kW),,,,
56,https://hlauto.vn,7/3/2026,"Báo lỗi OL1 dù tải nhẹ, motor gần như không kéo gì.",motor,,,OL1,,
57,https://hlauto.vn,7/3/2026,"Băng tải bị kẹt con lăn, trục bơm bị mài mòn gây ma sát cao, cánh quạt dính bụi đóng cứng, khớp nối bị khóa",Băng tải,con lăn; trục bơm; cánh quạt; khớp nối,kẹt; mài mòn gây ma sát cao; dính bụi đóng cứng; khóa,,,
58,https://hlauto.vn,7/3/2026,"Biến tần Yaskawa GA500-4045 (45kW) báo OL3 lúc khởi động buổi sáng, chạy bình thường buổi chiều",Biến tần Yaskawa GA500-4045 (45kW),,,OL3,,
59,https://hlauto.vn,7/3/2026,"Biến tần Fuji FVR 7.5kW đột nhiên tắt lúc 14h chiều, toàn bộ 20 máy may trên chuyền dừng hẳn",máy may,Biến tần Fuji FVR 7.5kW,dừng,,,
60,https://hlauto.vn,7/3/2026,"Biến tần INVT GD200-15kW báo lỗi ""P-UE"" (Undervoltage), đèn nguồn sáng mờ",Biến tần INVT GD200-15kW; đèn nguồn,,,P-UE,,
61,https://hlauto.vn,7/3/2026,5 biến tần Delta VFD185 ngừng hoạt động cùng lúc,biến tần Delta VFD185,,,,,
62,https://hlauto.vn,7/3/2026,Biến tần ABB ACS880 không lên nguồn dù điện 3 pha đo đủ 380V,Biến tần ABB ACS880,,không lên nguồn,,,
63,https://hlauto.vn,7/3/2026,"3 biến tần Fuji FVR0090 chạy bơm 15kW báo lỗi mất nguồn luân phiên: thứ 2 mất V1, thứ 4 mất V2, thứ 6 mất V3",bơm 15kW,biến tần Fuji FVR0090,mất nguồn luân phiên,,,
64,https://hlauto.vn,7/3/2026,Contactor Omron chính hãng nhưng cuộn hút 220V bị nóng chảy do pha R trong tủ điện lệch điện áp 20% so với pha S và T — tạo ra dòng điện bất đối xứng gây nóng cuộn dây theo chu kỳ.,,Contactor Omron; cuộn hút 220V,bị nóng chảy,,,
65,https://hlauto.vn,7/3/2026,Biến tần INVT GD200-18.5kW thay cầu chì đến lần thứ 5 trong một tháng — mỗi lần đứt là lại mất nguồn và dừng dây chuyền.,dây chuyền,Biến tần INVT GD200-18.5kW,đứt; mất nguồn,,,
66,https://hlauto.vn,7/3/2026,Biến tần Delta VFD7500 đo DC Bus = 540V nhưng màn hình hoàn toàn tối đen. Đội kỹ thuật nhà máy đã thay keypad mới nhưng vẫn không lên.,màn hình,Biến tần Delta VFD7500,tối đen,,,
67,https://hlauto.vn,7/3/2026,Đây là nguyên nhân phổ biến nhất của OV3,,,,OV3,,
68,https://hlauto.vn,7/3/2026,"Đầu năm 2024, mình nhận ca từ một nhà máy cơ khí tại Hà Đông – Hà Nội.",,,,,nhà máy cơ khí tại Hà Đông – Hà Nội,
69,https://hlauto.vn,7/3/2026,Thiết bị là cẩu trục 5 tấn dùng biến tần INVT 15kW,cẩu trục 5 tấn,biến tần INVT 15kW,,,,
70,https://hlauto.vn,7/3/2026,"Reset lỗi OV3 mà không kiểm tra điện trở xả và ramp-down là sửa triệu chứng, không sửa bệnh",,,,OV3,,
71,https://hlauto.vn,7/3/2026,"Kỹ thuật viên nhà máy đã tra tài liệu iG5A, tăng thời gian tăng tốc từ 5s lên 15s theo hướng dẫn xử lý OC, nhưng biến tần vẫn báo lỗi ngay khi khởi động, thậm chí không chạy được đến 5 Hz.",biến tần,,,OC,,
72,https://hlauto.vn,7/3/2026,"Biến tần chạy bình thường ở chế độ manual (bàn phím), nhưng khi PLC Siemens S7-1200 gửi lệnh Run qua RS485, biến tần không phản hồi",Biến tần; PLC Siemens S7-1200,,không phản hồi,,,
73,https://hlauto.vn,7/3/2026,"Biến tần Fuji Frenic Mega FRN030G1S-4A 30 kW báo lỗi OC ngay khi tăng tần số lên 35 Hz, dừng máy giữa chừng",máy,Biến tần Fuji Frenic Mega FRN030G1S-4A 30 kW,dừng; giữa chừng,OC,,
74,https://hlauto.vn,7/3/2026,"Lịch sử trip U12–U15 toàn là OC, không có OH hay OV xen kẽ.",,,,OC; OH; OV,,
75,https://hlauto.vn,7/3/2026,"FRENIC-Ace phủ dải công suất rộng từ 0,4 kW đến 630 kW, hỗ trợ cả điều khiển V/F lẫn vector không cảm biến",FRENIC-Ace,,,,,
76,https://hlauto.vn,7/3/2026,"FRENIC-Mini dải công suất nhỏ từ 0,1 kW đến 15 kW, thiết kế compact, lập trình đơn giản.",FRENIC-Mini,,,,,
77,https://hlauto.vn,7/3/2026,"FRENIC-Mega là dòng chuyên cho tải nặng: máy nén khí, cẩu trục, máy ép nhựa, máy nghiền, thang máy công nghiệp.",máy nén khí; cẩu trục; máy ép nhựa; máy nghiền; thang máy công nghiệp,FRENIC-Mega,,,,
78,https://hlauto.vn,7/3/2026,"FRENIC-HVAC tối ưu cho hệ thống điều hòa trung tâm, quạt hút-thổi, chiller; tích hợp PID tự động, hỗ trợ BACnet và Modbus, tiết kiệm điện năng đáng kể",hệ thống điều hòa trung tâm; quạt hút-thổi; chiller,FRENIC-HVAC,,,,
79,https://hlauto.vn,7/3/2026,"FRENIC-Aqua chuyên cho trạm bơm cấp thoát nước, thủy lợi, giàn bơm đa máy",trạm bơm cấp thoát nước; giàn bơm đa máy,FRENIC-Aqua,,,,
80,https://hlauto.vn,7/3/2026,"Lỗi OC trên biến tần Fuji là mã lỗi phổ biến nhất, đặc biệt ở FRENIC-Mega và FRENIC-Ace.",biến tần Fuji; FRENIC-Mega; FRENIC-Ace,,,,,
81,https://hlauto.vn,7/3/2026,Biến tần lỗi OV thường xuất hiện khi motor phanh đột ngột hoặc tải hồi năng lượng về bus DC.,motor,,,OV,,
82,https://hlauto.vn,7/3/2026,Lỗi UV (UV Fuji) xuất hiện khi điện áp DC bus thấp hơn ngưỡng tối thiểu.,,,điện áp DC bus thấp hơn ngưỡng tối thiểu,UV; UV Fuji,,
83,https://hlauto.vn,7/3/2026,"Biến tần Fuji có cảm biến nhiệt tốt, sẽ bảo vệ ngay khi nhiệt độ heatsink vượt ngưỡng (thường 95°C với FRENIC-Ace)",Biến tần Fuji; cảm biến nhiệt; FRENIC-Ace,,,,,
84,https://hlauto.vn,7/3/2026,Lỗi EF / GF (lỗi chạm đất biến tần Fuji) chỉ ra dòng rò từ dây pha xuống vỏ thiết bị.,,,lỗi chạm đất,EF; GF,,
85,https://hlauto.vn,7/3/2026,Lỗi PHL (mất pha) yêu cầu kiểm tra ngay nguồn 3 pha đầu vào và tiếp điểm CB/contactor.,,CB; contactor,,PHL,,
86,https://hlauto.vn,7/3/2026,"Biến tần báo OC liên tục vào đầu ca sáng, reset được nhưng sau 10–15 phút lại tái diễn.",Biến tần,,,OC,,
87,https://hlauto.vn,7/3/2026,Biến tần báo OV (OV Fuji) mỗi khi băng tải dừng khẩn cấp theo lệnh E-Stop.,,,,OV; OV Fuji,,
88,https://hlauto.vn,7/3/2026,"Chớm vào những ngày nắng nóng, máy báo lỗi OH (OH Fuji) 2 - 3 lần trên ngày, quạt vẫn quay bình thường, tắt đi 10 - 15 phút thì bật lại được",máy,quạt,,OH; OH Fuji,,
89,https://hlauto.vn,7/3/2026,"Biến tần báo GF (lỗi chạm đất biến tần Fuji) ngay khi cấp nguồn, không khởi động được.",Biến tần; biến tần Fuji,,lỗi chạm đất; không khởi động được,GF,,
90,https://hlauto.vn,7/3/2026,"Biến tần báo luân phiên UV và OC3 không theo quy luật rõ ràng, thường vào giờ cao điểm tải",Biến tần,,,UV; OC3,,
91,https://hlauto.vn,7/3/2026,"Biến tần LS được phân phối rộng rãi qua hệ thống đại lý trải dài toàn quốc, giá thành cạnh tranh và linh kiện thay thế khá sẵn có",Biến tần LS,,,,,
92,https://hlauto.vn,7/3/2026,IGBT là trái tim của mạch nghịch lưu — chịu dòng lớn và nhiệt cao.,,IGBT,,,,
93,https://hlauto.vn,7/3/2026,"Khi IGBT bị ngắn mạch hoặc hở mạch, máy sẽ trip OC ngay khi cấp điện hoặc không xuất điện ra motor.",máy,IGBT; motor,ngắn mạch; hở mạch,OC,,
94,https://hlauto.vn,7/3/2026,Tụ điện phân cực (electrolytic capacitor) ở tầng DC link có tuổi thọ 5–10 năm,,Tụ điện phân cự,,,,
95,https://hlauto.vn,7/3/2026,"Tụ yếu làm điện áp DC bus dao động mạnh, gây OV hoặc UV bất thường, đặc biệt rõ khi tải thay đổi đột ngột.",,Tụ yếu,,OV; UV,,
96,https://hlauto.vn,7/3/2026,"Biến tần trip OC ngay khi nhấn Run, không khởi động được motor",motor,Biến tần,không khởi động đượ,OC,,
97,https://hlauto.vn,7/3/2026,Khách hàng đã thử reset nhiều lần nhưng lỗi vẫn tái diễn.,,,,,,
98,https://hlauto.vn,7/3/2026,"Sau khi đo offline, phát hiện IGBT phase V ngắn mạch C–E",,IGBT phase V,ngắn mạch C–E,,,
99,https://hlauto.vn,7/3/2026,"Tụ DC bus còn tốt, board điều khiển không bị ảnh hưởng.",,Tụ DC bus; board điều khiển,,,,
100,https://hlauto.vn,7/3/2026,"Máy chạy được 10–15 phút rồi trip OH , bắt buộc phải dừng bơm làm mát máy sản xuất bên dưới.",Máy; bơm làm mát máy sản xuất,,,OH,,
101,https://hlauto.vn,7/4/2026,"Dòng sản phẩm có nhiều model như KDE200, KDE300A, KDE500M… được thiết kế đơn giản",KDE200; KDE300A; KDE500M,,,,,
102,https://hlauto.vn,7/4/2026,"Các dòng như GD200A, GD20, CHV110… có thể ứng dụng từ điều khiển quạt, bơm đến máy nén, máy ép.",quạt; bơm; máy nén; máy ép,GD200A; GD20; CHV110,,,,
103,https://hlauto.vn,7/4/2026,"Delta là hãng Đài Loan nổi bật với các dòng như VFD-EL, VFD-M, VFD-E… thường dùng trong hệ thống tủ điện, dây chuyền tự động",tủ điện; dây chuyền tự động,VFD-EL;  VFD-M; VFD-E,,,,
104,https://hlauto.vn,7/4/2026,"Trong số hơn 170 mã lỗi trong bảng mã lỗi biến tần Delta, chỉ khoảng 30 mã lỗi là thường xuyên xuất hiện trong thực tế vận hành – đặc biệt với các dòng biến tần như VFD-M, VFD-EL, MS300, C2000, v.v",biến tần Delta; biến tần; VFD-M; VFD-EL; MS300; C2000,,,,,
105,https://hlauto.vn,7/4/2026,"Khi biến tần báo lỗi với mã bắt đầu bằng “OC”, anh em kỹ thuật cần hiểu ngay đây là lỗi quá dòng",biến tần,,lỗi quá dòng,OC,,
106,https://hlauto.vn,7/4/2026,"Khi biến tần hiển thị mã lỗi bắt đầu bằng “OV”, anh em cần nhận định ngay đây là lỗi quá áp – tức là điện áp vượt quá ngưỡng cho phép, thường là ở ngõ vào (input) hoặc ngõ ra (output)",,,điện áp vượt quá ngưỡng cho phép,OV,,
107,https://hlauto.vn,7/4/2026,"Mã lỗi bắt đầu bằng “LV” là dấu hiệu biến tần phát hiện điện áp thấp bất thường, thường do nguồn vào sụt áp, dây nguồn nhỏ, hoặc hệ thống điện không ổn định.",biến tần,,điện áp thấp bất thường,LV,,
108,https://hlauto.vn,7/4/2026,"Dịch vụ sửa biến tần Siemens và các dòng MICROMASTER 440, SINAMICS G120, V20, V90 tại Hà Nội",biến tần Siemens; MICROMASTER 440; SINAMICS G120; V20; V90,,,,,
109,https://hlauto.vn,7/4/2026,"Ở các khu công nghiệp Việt Nam, Siemens xuất hiện khá phổ biến với nhiều thế hệ sản phẩm khác nhau",,,,,khu công nghiệp Việt Nam,
110,https://hlauto.vn,7/4/2026,"SINAMICS V20 – dòng phổ thông, nhỏ gọn, phổ biến trong băng tải, bơm nhỏ, quạt công nghiệp",băng tải; bơm nhỏ; quạt công nghiệp,SINAMICS V20,,,,
111,https://hlauto.vn,7/4/2026,"F0001 Overcurrent là quá dòng,biến tần phát hiện dòng đầu ra vượt ngưỡng",biến tần,,dòng đầu ra vượt ngưỡng,F0001,,
112,https://hlauto.vn,7/4/2026,"F0002 Overvoltage là quá áp DC bus, năng lượng phản hồi từ motor (khi giảm tốc nhanh) làm điện áp DC bus vượt ngưỡng",motor,,điện áp DC bus vượt ngưỡng,F0002,,
113,https://hlauto.vn,7/4/2026,"F0003 Undervoltage là thiếu áp, điện áp DC bus sụt thấp",,,điện áp DC bus sụt thấp,F0003,,
114,https://hlauto.vn,7/4/2026,F0003 do mất pha tạm thời hoặc sụt áp lưới đơn lẻ,,,mất pha tạm thời; sụt áp lưới đơn lẻ,F0003,,
115,https://hlauto.vn,7/4/2026,Ca sửa biến tần Siemens G120 22kW tại xưởng gỗ,biến tần Siemens G120 22kW,,,,xưởng gỗ,
116,https://hlauto.vn,7/4/2026,"chỉ thay 4 tụ DC bị phồng và vệ sinh toàn bộ bo mạch, lỗi F0002 biến mất hoàn toàn",,tụ DC; bo mạch,,F0002,,
117,https://hlauto.vn,7/4/2026,"Triệu chứng Mỗi sáng khởi động ca đầu đều báo F0001 , motor giật rồi dừng.",,motor,giật rồi dừng,F0001,,
118,https://hlauto.vn,7/4/2026,"Sửa chữa biến tần Siemens không phải lúc nào cũng là hàn, thay linh kiện.",biến tần Siemens,,,,,
119,https://hlauto.vn,7/4/2026,"Bối cảnh Bơm ly tâm cấp nước công nghiệp, thường xuyên bật/tắt theo áp suất, đôi lúc dừng khẩn cấp.",Bơm ly tâm cấp nước công nghiệp,,"bật/tắt theo áp suất, đôi lúc dừng khẩn cấp.",,,
120,https://hlauto.vn,7/4/2026,"Triệu chứng F0002 xuất hiện mỗi khi dừng gấp, thỉnh thoảng F0003 vào giờ cao điểm tiêu thụ điện.",,,,F0002; F0003,,
121,https://hlauto.vn,7/4/2026,Hai lỗi khác nhau (F0002 và F0003 ) có cùng một phần nguyên nhân gốc rễ là điện trở xả thiếu và nguồn lưới yếu.,,điện trở xả; nguồn lưới,,F0002; F0003,,
122,https://hlauto.vn,7/4/2026,Triệu chứng F3001 xuất hiện ngắt quãng sau khi dừng tải nặng. Một lần xuất hiện cả F3801 sau va chạm cơ học vào tủ điện.,tủ điện,,,F3001; F3801,,
123,https://hlauto.vn,7/4/2026,"Bối cảnh Máy bào gỗ, môi trường bụi mùn cưa dày đặc, hệ thống an toàn STO, điện trở xả gắn ngoài tủ.",Máy bào gỗ,điện trở xả,,,,
124,https://hlauto.vn,7/4/2026,"Lỗi F0001 , F0002 , F3001 , F3801 lặp lại nhiều lần sau khi đã kiểm tra cơ bản.",,,,F0001; F0002; F3001; F3801,,
125,https://suadiencongnghiep.vn,7/4/2026,"Các thiết bị như MCCB, MCB, contactor, relay hoặc biến tần sau thời gian dài sử dụng có thể bị hao mòn, oxy hóa hoặc mất khả năng bảo vệ.",,MCCB; MCB; contactor; relay; biến tần,,,,
126,https://suadiencongnghiep.vn,7/4/2026,"Xử lý các sự cố tủ phân phối, tủ điều khiển máy sản xuất, tủ bù hạ thế, hệ thống khởi động từ, relay, aptomat (MCCB/ACB).",tủ phân phối; tủ điều khiển máy sản xuất; tủ bù hạ thế; hệ thống khởi động từ,relay; aptomat (MCCB/ACB),,,,
127,https://suadiencongnghiep.vn,7/4/2026,"Để ngăn ngừa triệt để, doanh nghiệp nên nhờ Long Gia lắp đặt rơ le bảo vệ mất pha, đảo pha (Phase Failure Relay) vào tủ điện điều khiển tổng.",tủ điện điều khiển tổng,"rơ le bảo vệ mất pha, đảo pha",,,,
128,https://suadiencongnghiep.vn,7/4/2026,"Các máy phay CNC cũ không được trang bị DRO để hiển thị vị trí chính xác của các trục X, Y, Z.",máy phay CNC cũ,"DRO; trục X, Y, Z",,,,
129,https://suadiencongnghiep.vn,7/4/2026,"Việc thiếu các tính năng hiện đại trên máy phay mini cũ là một “nút thắt cổ chai” lớn, làm chậm tốc độ làm việc, tăng cường các thao tác thủ công và khiến máy không thể đạt được hiệu suất của các máy thế hệ mới.",máy phay mini cũ; các máy thế hệ mới,,,,,
130,https://suadiencongnghiep.vn,7/4/2026,"Hệ thống điều khiển lỗi thời là một trong những bất cập lớn nhất của máy phay mini CNC cũ, vì nó ảnh hưởng trực tiếp đến khả năng vận hành, lập trình và hiệu suất tổng thể của máy.",máy phay mini CNC cũ,Hệ thống điều khiển,,,,
131,https://suadiencongnghiep.vn,7/4/2026,"Khả năng nâng cấp hạn chế là một trong những bất cập lớn và ít được chú ý của máy phay mini cũ, khiến chúng trở thành một khoản đầu tư không bền vững về lâu dài.",máy phay mini cũ,,,,,
132,https://suadiencongnghiep.vn,7/4/2026,Những chiếc máy phay cơ đã qua sử dụng trở thành lựa chọn hấp dẫn để bắt đầu hoặc mở rộng năng lực gia công mà không cần một khoản đầu tư khổng lồ,máy phay cơ đã qua sử dụng,,,,,
133,https://suadiencongnghiep.vn,7/4/2026,"Sau nhiều năm sử dụng, ren của vít me và đai ốc sẽ bị mòn, tạo ra một khoảng trống (rơ) nhất định.",,ren của vít me; đai ốc,"bị mòn, tạo ra một khoảng trống (rơ) nhất định",,,
134,https://suadiencongnghiep.vn,7/4/2026,"Rãnh trượt và các bề mặt dẫn hướng bị mài mòn không đều gây ra sự rung động, giật cục trong quá trình di chuyển.",,Rãnh trượt; các bề mặt dẫn hướng,"bị mài mòn không đều gây ra sự rung động, giật cục trong quá trình di chuyển",,,
135,https://suadiencongnghiep.vn,7/4/2026,"Khi bạc đạn bị mòn hoặc hỏng, trục chính sẽ không còn quay đúng tâm, gây ra hiện tượng đảo dao.",,bạc đạn; trục chính,"bị mòn hoặc hỏng; không còn quay đúng tâm, gây ra hiện tượng đảo dao",,,
136,https://suadiencongnghiep.vn,7/4/2026,Khung máy phay cơ cũ có thể bị biến dạng nhẹ hoặc các mối ghép bị lỏng lẻo.,máy phay cơ cũ,Khung; các mối ghép,bị biến dạng nhẹ; bị lỏng lẻo,,,
137,https://suadiencongnghiep.vn,7/4/2026,Năng suất của máy phay công nghiệp cũ phụ thuộc rất nhiều vào kinh nghiệm và tay nghề của người thợ.,máy phay công nghiệp cũ,,,,,
138,https://suadiencongnghiep.vn,7/4/2026,"Máy phay mini CNC 3 trục là loại máy công cụ sử dụng hệ thống điều khiển số bằng máy tính để tự động hóa các chuyển động của dao phay theo 3 trục tọa độ độc lập: trục X (dọc), trục Y (ngang) và trục Z (đứng)",Máy phay mini CNC 3 trục,hệ thống điều khiển số bằng máy tính; dao phay; trục X (dọc); trục Y (ngang); trục Z (đứng),,,,
139,https://suadiencongnghiep.vn,7/4/2026,"Việc mua máy phay CNC 3 trục cũ tiềm ẩn vô số nguy cơ mà nếu không đánh giá kỹ lưỡng, chúng có thể phát sinh một chi phí khổng lồ trong dài hạn, ảnh hưởng nghiêm trọng đến hoạt động sản xuất.",máy phay CNC 3 trục cũ,,,,,
140,https://suadiencongnghiep.vn,7/4/2026,"Nhiệt độ, độ ẩm, bụi bẩn và các biến động điện áp có thể gây hỏng hóc các bo mạch chính, các thiết bị ngoại vi, hoặc bộ cấp nguồn.",,bo mạch chính; các thiết bị ngoại vi; bộ cấp nguồn,gây hỏng hóc,,,
141,https://suadiencongnghiep.vn,7/4/2026,"Các bộ phận chuyển động quan trọng (ray trượt, vít me) không được bôi trơn đầy đủ, làm tăng ma sát và đẩy nhanh quá trình mài mòn.",,ray trượt; vít me,"không được bôi trơn đầy đủ, làm tăng ma sát và đẩy nhanh quá trình mài mòn",,,
142,https://suadiencongnghiep.vn,7/4/2026,Thời gian dừng máy kéo dài do máy phay CNC 3 trục cũ dễ hỏng vặt và cần sửa chữa thường xuyên.,máy phay CNC 3 trục cũ,,dễ hỏng vặt và cần sửa chữa thường xuyên,,,
143,https://suadiencongnghiep.vn,7/4/2026,"Trên máy tiện cụt cũ, băng máy ngang và bàn trượt chịu nhiều áp lực và di chuyển thường xuyên.",máy tiện cụt cũ,băng máy ngang; bàn trượt,,,,
144,https://suadiencongnghiep.vn,7/4/2026,"Động cơ yếu hơn so với công suất danh định, dễ bị quá nhiệt, phát ra mùi lạ hoặc tiếng ồn bất thường.",,Động cơ,"yếu hơn so với công suất danh định, dễ bị quá nhiệt, phát ra mùi lạ hoặc tiếng ồn bất thường",,,
145,https://suadiencongnghiep.vn,7/4/2026,"Trong bối cảnh công nghệ phát triển không ngừng, việc sở hữu một chiếc máy tiện CNC không chỉ là nâng cấp thiết bị, mà là một bước đi chiến lược để tối ưu hóa quy trình, nâng cao chất lượng sản phẩm và tạo lợi thế cạnh tranh vượt trội.",máy tiện CNC,,,,,
146,https://suadiencongnghiep.vn,7/4/2026,"Trong thế giới gia công cơ khí chính xác, máy phay CNC 4 trục là một bước nhảy vọt trong công nghệ phay tiện so với người tiền nhiệm 3 trục",máy phay CNC 4 trục; người tiền nhiệm 3 trục,,,,,
147,https://suadiencongnghiep.vn,7/4/2026,"Máy phay CNC 4 trục là máy phay CNC bao gồm 3 trục tịnh tiến quen thuộc (X, Y, Z) và 1 trục quay bổ sung: trục A (xoay quanh trục X), trục B (xoay quanh trục Y) hoặc trục C (xoay quanh trục Z)",Máy phay CNC 4 trục; máy phay CNC,"3 trục tịnh tiến quen thuộc (X, Y, Z); 1 trục quay bổ sung: trục A (xoay quanh trục X); trục B (xoay quanh trục Y); trục C (xoay quanh trục Z)",,,,
148,https://suadiencongnghiep.vn,7/4/2026,Động cơ Servo của trục quay xuống cấp,,Động cơ Servo của trục quay,xuống cấp,,,
149,https://suadiencongnghiep.vn,7/4/2026,Trục quay có độ rơ lớn,,Trục quay,có độ rơ lớn,,,
150,https://suadiencongnghiep.vn,7/4/2026,Bơm dầu bị cạn do rò rỉ không khí trong ống hút dầu của bơm dầu hoặc mức dầu trong bình dầu thấp.,Bơm dầu,ống hút dầu của bơm dầu; bình dầu,bị cạn do rò rỉ không khí; mức dầu trong bình dầu thấp,,,
151,https://suadiencongnghiep.vn,7/4/2026,Bộ lọc dầu áp suất cao đầu ra bị chặn hoặc lưu lượng không đạt tiêu chuẩn.,,Bộ lọc dầu áp suất cao đầu ra,bị chặn hoặc lưu lượng không đạt tiêu chuẩn,,,
152,https://suadiencongnghiep.vn,7/4/2026,"Aptomat tổng hoặc nhánh thường xuyên nhảy, gây gián đoạn sản xuất.",,Aptomat tổng; nhánh,"thường xuyên nhảy, gây gián đoạn sản xuất",,,
153,https://suadiencongnghiep.vn,7/4/2026,"Contactor bị dính, cháy tiếp điểm",,Contactor; tiếp điểm,"bị dính, cháy tiếp điểm",,,
154,https://suadiencongnghiep.vn,7/4/2026,Tụ DC Link là thành phần quan trọng nhất khi nói về thay tụ điện trong biến tần,,Tụ DC Link; tụ điện; biến tần,,,,
155,https://suadiencongnghiep.vn,7/4/2026,Nó đóng vai trò làm phẳng điện áp DC từ mạch chỉnh lưu trước khi cấp cho mạch nghịch lưu PWM.,,mạch chỉnh lưu; mạch nghịch lưu PWM,,,,
156,https://hlauto.vn,7/4/2026,"Tháng 7/2024, nhà máy sản xuất nhựa Tân Bình gọi HLAuto hỗ trợ khẩn cấp",,,,,nhà máy sản xuất nhựa Tân Bình,
157,https://hlauto.vn,7/4/2026,"3 biến tần Schneider ATV320 (15kW) báo lỗi ""DC BUS FAULT""",biến tần Schneider ATV320 (15kW),,,DC BUS FAULT,,
158,https://hlauto.vn,7/4/2026,"Tại xưởng sản xuất cơ khí Bình Dương, kỹ thuật viên HLAuto gặp biến tần Delta E310 báo lỗi UV",biến tần Delta E310,,,UV,xưởng sản xuất cơ khí Bình Dương,
159,https://hlauto.vn,7/4/2026,Một khách hàng tại Cần Thơ phản ánh biến tần không chạy khi bấm nút ON.,biến tần,,không chạy,,Cần Thơ,
160,https://hlauto.vn,7/4/2026,Kỹ thuật viên HLAuto đo thấy ngõ RUN không có điện áp điều khiển do tiếp điểm relay của PLC bị oxy hóa.,PLC,ngõ RUN;  tiếp điểm relay;,,,,
161,https://hlauto.vn,7/4/2026,"Trên biến tần hoặc module truyền thông PLC, các đèn LED (COMM, RUN, ERR...) là tín hiệu trực quan giúp bạn phán đoán nhanh tình trạng kết nối",biến tần;  module truyền thông PLC; đèn LED,,,,,
162,https://hlauto.vn,7/4/2026,Biến tần Delta VFD-M không nhận tín hiệu từ PLC S7-200,Biến tần Delta VFD-M; PLC S7-200,,,,,
163,https://hlauto.vn,7/4/2026,Biến tần LS iG5A báo lỗi rs485 sau 1 thời gian chạy,Biến tần LS iG5A,,,rs485,,
164,https://hlauto.vn,7/4/2026,Biến tần Schneider ATV310 điều khiển qua PLC S7-1200 (Modbus TCP) không kết nối được,Biến tần Schneider ATV310; PLC S7-1200,,không kết nối được,,,
165,https://hlauto.vn,7/4/2026,chúng tôi đã gặp trường hợp biến tần Schneider ATV630 22kW có điện trở cách điện chỉ 2.3MΩ - thấp hơn nhiều so với tiêu chuẩn 10MΩ,biến tần Schneider ATV630 22kW,,điện trở cách điện chỉ 2.3MΩ - thấp hơn nhiều so với tiêu chuẩn 10MΩ,,,
166,https://hlauto.vn,7/4/2026,"Biến tần ABB ACS580 7.5kW sau khi thay IGBT module, customer phàn nàn ""tiếng ồn khác lạ""",Biến tần ABB ACS580 7.5kW; IGBT module,,tiếng ồn khác lạ,,,
167,https://hlauto.vn,7/4/2026,"Tại xưởng cơ khí Bình Dương, biến tần ATV320 5.5kW hoạt động bình thường nhưng customer báo ""motor nóng hơn bình thường"".",motor,biến tần ATV320 5.5kW,nóng hơn bình thường,,xưởng cơ khí Bình Dương,
168,https://hlauto.vn,7/4/2026,Biến tần Danfoss FC302 15kW tại nhà máy thức ăn chăn nuôi,Biến tần Danfoss FC302 15kW,,,,nhà máy thức ăn chăn nuôi,
169,https://hlauto.vn,7/4/2026,"Nhà máy dệt may Đồng Nai, máy dệt kim chính dừng hoạt động do biến tần ABB ACS880 báo lỗi ""IGBT bị ngắn mạch""",máy dệt kim chính,biến tần ABB ACS880; IGBT,ngắn mạch,,Nhà máy dệt may Đồng Nai,
170,https://hlauto.vn,7/4/2026,"Biến tần Mitsubishi FR-F800 5,5kW báo lỗi quá dòng sau sửa bo mạch điều khiển","Biến tần Mitsubishi FR-F800 5,5kW",bo mạch điều khiển,,,,
171,https://hlauto.vn,7/4/2026,"Xưởng sản xuất gỗ tại Bình Dương, biến tần Mitsubishi FR-F800 điều khiển băng tải bị sét đánh làm cháy bo mạch điều khiển.",băng tải,biến tần Mitsubishi FR-F800; bo mạch điều khiển,bị sét đánh làm cháy,,Xưởng sản xuất gỗ tại Bình Dương,
172,https://hlauto.vn,7/4/2026,"Nhà máy sản xuất nhựa, ATV930 11kW truyền động trục vít ép",trục vít ép,ATV930 11kW,,,Nhà máy sản xuất nhựa,
173,https://hlauto.vn,7/4/2026,"Sau sửa chữa quạt làm mát, thử nghiệm sau khi sửa chữa biến tần gặp lỗi quá nhiệt.",quạt làm mát,biến tần,lỗi quá nhiệt,,,
174,https://hlauto.vn,7/4/2026,Tôi từng mất 3 ngày để tìm lỗi biến tần Mitsubishi FR-E720,biến tần Mitsubishi FR-E720,,,,,
175,https://hlauto.vn,7/4/2026,"Thay đủ thứ từ IGBT đến bo mạch, cuối cùng mới phát hiện chỉ do cài sai chế độ điều khiển từ Sensorless Vector sang V/F",,IGBT; bo mạch,sai chế độ điều khiển từ Sensorless Vector sang V/F,,,
176,https://hlauto.vn,7/4/2026,"Trong hệ thống tự động hóa hiện đại, truyền thông biến tần PLC qua Modbus RTU/TCP là điều không thể thiếu",biến tần PLC,,,,,
177,https://hlauto.vn,7/4/2026,"Tại nhà máy thức ăn chăn nuôi Bình Minh, 5 biến tần ABB ACS580 cùng chung 1 địa chỉ Modbus ID = 01.",biến tần ABB ACS580,,,,nhà máy thức ăn chăn nuôi Bình Minh,
178,https://hlauto.vn,7/4/2026,"Kết quả là cả 5 biến tần đều không nhận được lệnh từ PLC, dây chuyền nghiền ngừng hoạt động 4 tiếng.",dây chuyền nghiền,biến tần; PLC,,,,
179,https://hlauto.vn,7/4/2026,Cài đặt tham số không phù hợp,,,Cài đặt tham số không phù hợp,,,
180,https://hlauto.vn,7/4/2026,"12 biến tần Schneider ATV312 điều khiển băng tải chuyền thép đột nhiên cùng báo lỗi ""Communication Error"" sau khi bảo trì định kỳ.",băng tải chuyền thép,biến tần Schneider ATV312,,Communication Error,,
181,https://hlauto.vn,7/4/2026,Biến tần Delta VFD-M 15kW tại xưởng sản xuất gạch Viglacera. Motor 15kW/4P/380V/28A nhưng kỹ thuật viên cài P10=11kW.,Motor 15kW/4P/380V/28A,Biến tần Delta VFD-M 15kW,,,xưởng sản xuất gạch Viglacera,
182,https://hlauto.vn,7/4/2026,"motor không đạt đủ mô-men, máy ép gạch chạy chậm, sản lượng giảm 30%.",máy ép gạch,motor,"chạy chậm, sản lượng giảm 30%",,,
183,https://hlauto.vn,7/4/2026,Dây chuyền đóng chai bia với 8 biến tần Schneider ATV320 điều khiển băng tải.,Dây chuyền đóng chai bia; băng tải,biến tần Schneider ATV320,,,,
184,https://hlauto.vn,7/4/2026,"PLC Schneider M241 gửi lệnh 25Hz, nhưng biến tần chạy 15Hz rồi nhảy lên 35Hz",PLC Schneider M241; biến tần,,,,,
185,https://hlauto.vn,7/4/2026,HMI Weintek eMT3120A và PLC M241 cùng ghi vào register 40002 (frequency reference) với tần suất cao,HMI Weintek eMT3120A; PLC M241,,,,,
186,https://hlauto.vn,7/4/2026,Phân xưởng sản xuất thức ăn thủy sản với biến tần Yaskawa CIMR-VC4A0018 (7.5kW),biến tần Yaskawa CIMR-VC4A0018 (7.5kW),,,,Phân xưởng sản xuất thức ăn thủy sản,
187,https://hlauto.vn,7/4/2026,"Màn hình LCD hiển thị ký tự lạ: ""A.RUN"", ""F.?@#""",Màn hình LCD,,"hiển thị ký tự lạ: ""A.RUN"", ""F.?@#""",,,
188,https://hlauto.vn,7/4/2026,Hệ thống băng tải than tại nhà máy xi măng Hoàng Thạch.,Hệ thống băng tải than,,,,nhà máy xi măng Hoàng Thạch,
189,https://hlauto.vn,7/4/2026,Lỗi xung đột PLC-HMI tại nhà máy bia Sabeco,PLC-HMI,,Lỗi xung đột,,nhà máy bia Sabeco,
190,https://hlauto.vn,7/4/2026,Cảm biến nhiệt NTC 10kΩ trên tản nhiệt bị đứt mạch từ 2 tháng trước,tản nhiệt,Cảm biến nhiệt NTC 10kΩ,đứt mạch,,,
191,https://hlauto.vn,7/4/2026,"Biến tần báo ""OH"" (Overheat) dù chưa chạy",Biến tần,,,OH,,
192,https://hlauto.vn,7/4/2026,LED báo lỗi nháy liên tục theo pattern cố định,,LED,báo lỗi nháy liên tục theo pattern cố định,,,
193,https://hlauto.vn,7/4/2026,"Cuối năm 2024, HLAuto nhận được cuộc gọi khẩn từ một nhà máy chế biến thức ăn gia súc tại Đồng Nai",,,,,nhà máy chế biến thức ăn gia súc tại Đồng Nai,
194,https://hlauto.vn,7/4/2026,"Biến tần ABB ACS880 75kW điều khiển băng tải chính liên tục báo lỗi ""OH1"" sau 3 tháng vận hành.",băng tải chính,Biến tần ABB ACS880 75kW,,OH1,,
195,https://hlauto.vn,7/4/2026,"Dù đã ngắt nguồn AC, tụ điện trong biến tần vẫn có thể chứa điện áp cao (>400V DC) trong 10-15 phút.",biến tần,tụ điện,,,,
196,https://hlauto.vn,7/4/2026,"Tháng 3/2024, HLAuto nhận được yêu cầu khẩn cấp từ nhà máy xi măng Hoàng Thạch - Quảng Ninh",,,,,nhà máy xi măng Hoàng Thạch - Quảng Ninh,
197,https://hlauto.vn,7/4/2026,"Biến tần ABB ACS880-01-430A-3 (200kW) điều khiển quạt hút bụi chính liên tục báo lỗi ""OH1"" sau 6 tháng vận hành.",quạt hút bụi chính,Biến tần ABB ACS880-01-430A-3 (200kW),,OH1,,
198,https://hlauto.vn,7/4/2026,"Bo điều khiển (Control Board) chính là ""bộ não"" của toàn bộ hệ thống biến tần",hệ thống biến tần,Bo điều khiển,,,,
199,https://hlauto.vn,7/4/2026,"Vi điều khiển (MCU/DSP): Xử lý thuật toán điều khiển, thường là ARM Cortex hoặc DSP TI",,Vi điều khiển (MCU/DSP),,,,
200,https://hlauto.vn,7/4/2026,"Mạch nguồn xung: Cấp nguồn ổn định 5V, 3.3V, ±15V cho các IC",,Mạch nguồn xung; IC,,,,
201,https://hlauto.vn,7/4/2026,"IC giao tiếp: RS485, CAN, Modbus để kết nối với PLC/HMI",,IC giao tiếp; PLC/HMI,,,,
202,https://hlauto.vn,7/4/2026,Màn hình LED 7 đoạn hiển thị loạn ký tự,,Màn hình LED 7,hiển thị loạn ký tự,,,
203,https://hlauto.vn,7/4/2026,Màn hình LCD chập chờn hoặc mờ dần,,Màn hình LCD,chập chờn hoặc mờ dần,,,
204,https://hlauto.vn,7/4/2026,"Năm 2023, tôi nhận sửa một bo điều khiển Mitsubishi FR-E740.",Mitsubishi FR-E740,bo điều khiển,,,,
205,https://hlauto.vn,7/4/2026,"Chỉ bằng mắt thường, tôi đã phát hiện tụ tantalum 100µF/16V bị phồng.",,tụ tantalum 100µF/16V,phồng,,,
206,https://hlauto.vn,7/4/2026,Tôi từng nhận sửa một bo điều khiển Delta VFD từ xưởng chế biến thủy sản.,,bo điều khiển Delta VFD,,,xưởng chế biến thủy sản,
207,https://hlauto.vn,7/4/2026,Bo này bị ăn mòn nặng do môi trường ẩm mặn,,Bo,ăn mòn nặng do môi trường ẩm mặn,,,
208,https://hlauto.vn,7/4/2026,"Biến tần Schneider ATV312 báo lỗi ""UnF"" (Under Voltage).",Biến tần Schneider ATV312,,,UnF,,
209,https://hlauto.vn,7/4/2026,Tôi phát hiện IC UC3843 chết do quá nhiệt,,IC UC3843,chết do quá nhiệt,,,
210,https://hlauto.vn,7/4/2026,"Biến tần Mitsubishi FR-A700 7.5kW điều khiển máy cắt vải, đột nhiên báo lỗi ""OC"" (Over Current) và dừng hoạt động.",máy cắt vải,Biến tần Mitsubishi FR-A700 7.5kW,,OC,,
211,https://hlauto.vn,7/4/2026,Hệ thống 8 biến tần ABB ACS550 kết nối Modbus với PLC Siemens,biến tần ABB ACS550; PLC Siemens,,,,,
212,https://hlauto.vn,7/4/2026,"Sau cơn dông lớn, biến tần Yaskawa V1000 5.5kW điều khiển máy bào gỗ không lên nguồn.",máy bào gỗ,biến tần Yaskawa V1000 5.5kW,không lên nguồn,,,
213,https://hlauto.vn,7/4/2026,"PLC báo ""Communication Error"" với 3 biến tần",PLC; biến tần,,,Communication Error,,
214,https://hlauto.vn,7/4/2026,"Tiếp điểm aptomat 3 pha bị hở một pha do quá tải lặp lại, cầu chì chì nổ không đều",,Tiếp điểm aptomat 3 pha; cầu chì,bị hở một pha do quá tải lặp lại; nổ không đều,,,
215,https://hlauto.vn,7/4/2026,Biến tần Delta VFD-B 15kW báo ERR12 liên tục,Biến tần Delta VFD-B 15kW,,,ERR12,,
216,https://hlauto.vn,7/4/2026,Biến tần báo lỗi ERR12 (mất pha đầu vào) sau mỗi 2–3 ngày chạy.,Biến tần,,mất pha đầu vào,ERR12,,
217,https://hlauto.vn,7/4/2026,"Contactor 3 pha đã dùng được 2 năm, tiếp điểm pha T bị mòn không đều, điện trở tiếp xúc tăng cao",,Contactor 3 pha; tiếp điểm pha T,mòn không đều,,,
218,https://hlauto.vn,7/4/2026,Biến tần Schneider ATV320 7.5kW báo SPO,,Biến tần Schneider ATV320 7.5kW,,SPO,,
219,https://hlauto.vn,7/4/2026,"Biến tần chạy bình thường đến 35 Hz, nhưng khi tăng tần số lên 45–50 Hz thì báo SPO (mất pha đầu ra)",Biến tần,,mất pha đầu ra,SPO,,
220,https://hlauto.vn,7/4/2026,"Bạn sinh viên năm 4 ngành Điện tự động hóa mang biến tần INVT GD100 về xưởng thực tập, biến tần báo E-16 (mất pha đầu vào) nhưng đo điện áp 3 pha đầu vào vẫn đủ và cân bằng.",biến tần INVT GD100; biến tần,3 pha đầu,mất pha đầu vào,E-16,xưởng,
221,https://hlauto.vn,7/4/2026,"Bụi bông sợi (xưởng dệt cũ) bám dày lên board điều khiển, làm tăng điện trở rò giữa các đường mạch, cảm biến điện áp (voltage sensing resistor) đọc sai giá trị pha R.",,board điều khiển; đường mạch; cảm biến điện áp,tăng điện trở rò; đọc sai giá trị pha R,,xưởng dệt cũ,
222,https://hlauto.vn,7/4/2026,Sinh viên thực tập phát hiện lỗi mất pha trong 30 phút,,,lỗi mất pha,,,
223,https://hlauto.vn,7/4/2026,Quạt tản nhiệt kêu khác thường hoặc không quay,Quạt tản nhiệt,,kêu khác thường; không quay,,,
224,https://hlauto.vn,7/4/2026,Quạt tản nhiệt hỏng hoặc bám bụi nặng,Quạt tản nhiệt,,hỏng; bám bụi nặng,,,
225,https://hlauto.vn,7/4/2026,Module IGBT hoặc mosfet suy giảm tuổi thọ,,Module IGBT; mosfet,suy giảm tuổi thọ,,,
226,https://hlauto.vn,7/4/2026,Cảm biến nhiệt (thermistor/NTC) bị lỗi – báo OH sai,,Cảm biến nhiệt,,OH,,
227,https://hlauto.vn,7/4/2026,"Biến tần báo OH1, dừng máy sau 2–3 giờ chạy, reset tắt-bật thì chạy lại được nhưng lỗi tái phát.",máy,Biến tần,"dừng máy sau 2–3 giờ chạy, reset tắt-bật thì chạy lại được nhưng lỗi tái phát",OH1,,
228,https://hlauto.vn,7/4/2026,Xưởng dệt Bắc Ninh có INVT GD200A 22 kW báo lỗi OH1 lặp lại 3 lần/tuần,INVT GD200A 22 kW,,,OH1,Xưởng dệt Bắc Ninh,
229,https://hlauto.vn,7/4/2026,"Xưởng chế biến gỗ tại Gia Lâm, Hà Nội – tủ điện không có điều hòa, đặt ngay cạnh máy bào phát sinh nhiều mùn gỗ.",tủ điện; điều hòa; máy bào,,,,"Xưởng chế biến gỗ tại Gia Lâm, Hà Nội",
230,https://hlauto.vn,7/4/2026,Biến tần G120 trip F30001 (OH) ngay sau 30 phút khởi động mỗi ngày.,Biến tần G120,,,F30001; OH,,
231,https://hlauto.vn,7/4/2026,Fuji Frenic 5000V7 280 kW – Xưởng gỗ Hà Nam: OH1 sau 2–3 giờ chạy,Fuji Frenic 5000V7 280 kW,,,OH1,Xưởng gỗ Hà Nam,
232,https://hlauto.vn,7/4/2026,Đây là một trong những ca sửa biến tần lỗi OH nặng nhất mà HLAuto tiếp nhận trong quý I/2026.,biến tần,,,OH,,
233,https://hlauto.vn,7/4/2026,Biến tần Fuji Frenic 5000V7 công suất 280 kW tại xưởng gỗ Hà Nam – vận hành liên tục cho hệ thống băng tải chính – bắt đầu báo lỗi OH1 sau khoảng 2 đến 3 giờ khởi động mỗi ca,hệ thống băng tải chính,Biến tần Fuji Frenic 5000V7 công suất 280 kW,,OH1,xưởng gỗ Hà Nam,
234,https://hlauto.vn,7/4/2026,Máy 280 kW chạy với quạt chết hoàn toàn trong môi trường bụi là tổ hợp gây OH1 chắc chắn.,Máy 280 kW,quạt,,OH1,,
235,https://hlauto.vn,7/4/2026,"Điện áp lưới khu công nghiệp tại Bắc Ninh, Hưng Yên, Thái Nguyên thường dao động đáng kể trong giờ cao điểm – đặc biệt với các nhà máy nằm ở cuối đường dây hạ áp, nguồn yếu vốn đã không ổn định.",Điện áp lưới,,dao động đáng kể trong giờ cao điểm,,"khu công nghiệp tại Bắc Ninh, Hưng Yên, Thái Nguyên",
236,https://hlauto.vn,7/4/2026,"Biến tần 7.5 kW, dây 4 mm², khoảng cách từ tủ điện đến biến tần khoảng 60 m",Biến tần 7.5 kW; tủ điện; biến tần,dây 4 mm²,,,,
237,https://hlauto.vn,7/4/2026,Tụ điện DC bus (electrolytic capacitor) là linh kiện tiêu hao quan trọng nhất trong biến tần.,biến tần,Tụ điện DC bus,,,,
238,https://hlauto.vn,7/4/2026,"Băng tải báo UV vào giờ cao điểm tại nhà máy thực phẩm, Bắc Ninh",Băng tải,,,UV,"nhà máy thực phẩm, Bắc Ninh",
239,https://hlauto.vn,7/4/2026,Biến tần INVT GD200A-7R5G/011P-4 (7.5 kW) báo UV mỗi ngày vào khoảng 11h30–12h30 và 17h–18h,Biến tần INVT GD200A-7R5G/011P-4 (7.5 kW),,,UV,,
240,https://hlauto.vn,7/4/2026,Biến tần Delta VFD-C2000 5.5 kW báo UV mỗi khi motor khởi động tải máy dập nhỏ (tải nặng lúc khởi động),máy dập nhỏ,Biến tần Delta VFD-C2000 5.5 kW; motor,,UV,,
241,https://hlauto.vn,7/4/2026,"Biến tần Yaskawa A1000 11 kW đã dùng 8 năm, gần đây bắt đầu báo UV1 ngẫu nhiên khi chạy tải từ 60% trở lên",Biến tần Yaskawa A1000 11 kW,,,UV1,,
242,https://hlauto.vn,7/4/2026,"Tụ DC bus già sau 8 năm vận hành rại nhà máy dệt, Thái Bình",,Tụ DC bus,,,"nhà máy dệt, Thái Bình",
243,https://hlauto.vn,7/4/2026,Thay toàn bộ bộ tụ DC bus bằng tụ Nippon Chemi-Con cùng spec,,tụ DC bus; tụ Nippon Chemi-Con,,,,
244,https://hlauto.vn,7/4/2026,Biến tần Siemens G120 15 kW báo F0003 (UV) nhưng đo DC bus thực tế bằng đồng hồ thì điện áp hoàn toàn bình thường (~538VDC).,Biến tần Siemens G120 15 kW,,,F0003; UV,,
245,https://hlauto.vn,7/4/2026,"Nhà máy nhựa, Vĩnh Phúc có board đo áp báo sai",,board đo áp,báo sai,,"Nhà máy nhựa, Vĩnh Phúc",
246,https://hlauto.vn,7/4/2026,Biến tần Siemens G120 15 kW báo F0003 (UV) nhưng đo DC bus thực tế bằng đồng hồ thì điện áp hoàn toàn bình thường (~538VDC),Biến tần Siemens G120 15 kW,,,F0003; UV,,
247,https://hlauto.vn,7/4/2026,"Biến tần INVT GD200-037G/045P-4 (37kW), dây chuyền cưa xẻ gỗ.",dây chuyền cưa xẻ gỗ,Biến tần INVT GD200-037G/045P-4 (37kW),,,,
248,https://hlauto.vn,7/4/2026,"Biến tần Yaskawa GA500-4045 (45kW) báo OL3 lúc khởi động buổi sáng, chạy bình thường buổi chiều.",Biến tần Yaskawa GA500-4045 (45kW),,,OL3,,
249,https://hlauto.vn,7/4/2026,"INVT 37kW, dây chuyền ép nhựa, báo OL1 sau 20 phút chạy.",dây chuyền ép nhựa,INVT 37kW,,OL1,,
250,https://hlauto.vn,7/4/2026,Quạt HVAC tòa nhà chạy chập chờn sau khi thay motor,Quạt HVAC,motor,chạy chập chờn,,,
